HOLE-ID,DISTANCE,AZIMUTH,DIP,
MAI_710_197E_E_001,0.00,16.67,0.00,
MAI_710_197E_E_002,0.00,16.36,0.00,
JESSIE_605_118S_E_001,0.00,2.83,0.00,
JESSIE_605_118S_E_002,0.00,2.87,0.00,
JESSIE_605_118S_E_003,0.00,359.94,0.00,
JESSIE_605_118S_E_004,0.00,353.77,0.00,
JESSIE_605_118S_W_001,0.00,6.96,0.00,
JESSIE_605_118S_W_002,0.00,5.16,0.00,
JESSIE_620_120S_E_002,0.00,46.18,0.00,
JESSIE_620_120S_E_003,0.00,53.81,0.00,
JESSIE_620_120S_E_004,0.00,47.31,0.00,
JESSIE_620_120S_E_005,0.00,51.04,0.00,
JESSIE_620_120S_E_006,0.00,43.82,0.00,
JESSIE_620_120S_E_007,0.00,38.66,0.00,
JESSIE_620_120S_E_008,0.00,49.10,0.00,
JESSIE_620_120S_E_009,0.00,41.23,0.00,
JESSIE_620_120S_E_010,0.00,37.23,0.00,
JESSIE_620_120S_E_011,0.00,39.87,0.00,
JESSIE_620_120S_E_012,0.00,53.35,0.00,
MAS_485_41S_W_023,0.00,57.63,0.00,
MAS_485_41S_W_024,0.00,61.72,0.00,
MAS_485_41S_W_025,0.00,61.78,0.00,
MAS_FWS_500_13S_W_033,0.00,28.59,0.00,
MST2_MV_455_E_011,0.00,25.97,0.00,
MST2_MV_455_41S_W_001,0.00,48.23,0.00,
MST2_MV_455_41S_W_002,0.00,51.50,0.00,
MST2_MV_455_41S_W_003,0.00,46.61,0.00,
MST2_MV_455_41S_W_004,0.00,37.59,0.00,
MST2_MV_455_41S_W_005,0.00,16.46,0.00,
MST2_MV_455_41S_W_006,0.00,15.84,0.00,
MST2_MV_455_41S_W_007,0.00,19.97,0.00,
MST2_MV_455_41S_W_008,0.00,21.16,0.00,
MST2_MV_455_41S_W_009,0.00,32.09,0.00,
MST2_MV_455_41S_W_010,0.00,22.72,0.00,
515_SDN_15S_W_018,0.00,69.74,0.00,
515_SDN_15S_W_019,0.00,64.39,0.00,
515_SDN_15S_W_020,0.00,66.17,0.00,
515_SDN_15S_W_021,0.00,61.66,0.00,
515_SDN_15S_W_022,0.00,63.20,0.00,
515_SDN_16S_E_027,0.00,44.61,0.00,
515_SDN_16S_E_028,0.00,43.09,0.00,
515_SDN_16S_E_029,0.00,26.39,0.00,
515_SDN_16S_E_030,0.00,27.66,0.00,
515_SDN_16S_E_031,0.00,32.99,0.00,
515_SDN_16S_E_032,0.00,29.62,0.00,
515_SDN_16S_E_033,0.00,28.89,0.00,
515_SDN_16S_E_034,0.00,40.80,0.00,
515_SDN_16S_E_035,0.00,44.27,0.00,
SDN_MV_530_130S_E_019,0.00,32.18,0.00,
SDN_MV_530_130S_E_020,0.00,28.55,0.00,
SDN_MV_530_130S_E_021,0.00,16.37,0.00,
SDN_MV_530_130S_E_022,0.00,5.78,0.00,
SDN_MV_530_130S_E_023,0.00,9.03,0.00,
SDN_MV_530_130S_E_024,0.00,359.99,0.00,
SDN_MV_530_130S_E_025,0.00,359.98,0.00,
SDN_MV_530_130S_E_026,0.00,4.05,0.00,
SDN_MV_530_130S_E_027,0.00,5.61,0.00,
SDN_MV_530_130S_E_028,0.00,0.81,0.00,
SDN_MV_530_130S_E_029,0.00,4.78,0.00,
SDN_MV_530_130S_E_030,0.00,3.23,0.00,
SDN_MV_530_130S_E_031,0.00,8.64,0.00,
SDN_MV_530_130S_E_032,0.00,9.53,0.00,
SDN_MV_530_130S_E_033,0.00,7.57,0.00,
SDN_MV_530_130S_E_034,0.00,3.29,0.00,
SDN_MV_530_130S_E_035,0.00,3.28,0.00,
SDN_MV_530_130S_E_036,0.00,4.26,0.00,
SDN_MV_530_130S_E_037,0.00,10.73,0.00,
SDN_MV_530_130S_E_038,0.00,29.43,0.00,
SDN_MV_530_130S_E_039,0.00,32.18,0.00,
SDN_MV_530_130S_E_040,0.00,32.55,0.00,
SDN_MV_530_130S_E_041,0.00,29.46,0.00,
SDN_MV_530_130S_E_042,0.00,28.14,0.00,
SDN_MV_530_130S_E_043,0.00,26.28,0.00,
SDN_MV_530_130S_E_045,0.00,27.03,0.00,
SDN_MV_530_130S_E_046,0.00,26.73,0.00,
SDN_MV_530_130S_E_047,0.00,23.65,0.00,
SDN_MV_530_130S_E_048,0.00,24.67,0.00,
SDN_MV_530_130S_E_049,0.00,25.77,0.00,
SDN_MV_530_130S_E_050,0.00,27.96,0.00,
SDN_MV_530_130S_E_051,0.00,25.51,0.00,
SDN_MV_530_130S_E_052,0.00,23.25,0.00,
SDN_MV_530_130S_E_053,0.00,19.60,0.00,
SDN_MV_530_130S_E_054,0.00,21.69,0.00,
SDN2_530_132S_W_030,0.00,358.36,0.00,
SDN2_530_132S_W_031,0.00,359.59,0.00,
SDN2_530_132S_W_032,0.00,357.84,0.00,
SDN2_530_132S_W_033,0.00,358.11,0.00,
SDN2_530_132S_W_034,0.00,357.28,0.00,
SDN2_530_132S_W_035,0.00,1.52,0.00,
SDN2_530_132S_W_036,0.00,1.78,0.00,
SDN2_530_132S_W_037,0.00,0.00,0.00,
SDN2_530_132S_W_038,0.00,3.76,0.00,
SDN2_530_132S_W_039,0.00,358.43,0.00,
SDN2_530_132S_W_040,0.00,358.11,0.00,
SDN2S_605_75S_E_024,0.00,26.35,0.00,
SDN2S_605_75S_E_025,0.00,23.52,0.00,
SDN2S_605_75S_E_026,0.00,17.01,0.00,
SDN2S_605_75S_E_027,0.00,15.24,0.00,
SDN2S_605_75S_E_028,0.00,11.88,0.00,
SDN3_605_141E_W_003,0.00,330.47,0.00,
SDN3_605_141E_W_004,0.00,332.02,0.00,
SDN3_605_141E_W_005,0.00,334.67,0.00,
SDN3_605_141E_W_006,0.00,335.33,0.00,
SDN3_605_141E_W_007,0.00,337.67,0.00,
SDN4_605_141E_W_015,0.00,332.92,0.00,
SDN4_605_141E_W_016,0.00,329.82,0.00,
SDN4_605_141E_W_017,0.00,338.52,0.00,
SDN4_605_141E_W_018,0.00,343.27,0.00,
SDN4_605_141E_W_019,0.00,334.17,0.00,
SDN4_605_141E_W_020,0.00,335.90,0.00,
SDNS_530_143S_E_002,0.00,6.55,0.00,
SDNS_530_143S_E_003,0.00,11.24,0.00,
SDNS_530_143S_E_004,0.00,13.10,0.00,
SDNS_530_143S_E_005,0.00,18.95,0.00,
SDNS_530_143S_E_006,0.00,21.61,0.00,
SDNS_530_143S_E_007,0.00,14.23,0.00,
SDNS_530_143S_E_008,0.00,17.64,0.00,
SDNS_530_143S_E_009,0.00,22.96,0.00,
SDNS_530_143S_E_010,0.00,22.55,0.00,
SDY_650_113S_SPLIT_W_001,0.00,1.10,0.00,
SDY_650_113S_SPLIT_W_002,0.00,15.18,0.00,
SDY_650_113S_SPLIT_W_003,0.00,35.05,0.00,
SDY_650_113S_SPLIT_W_004,0.00,32.78,0.00,
SDY_650_113S_SPLIT_W_006,0.00,46.49,0.00,
SDY_650_124S_SPLIT_W_001,0.00,8.75,0.00,
SDY_650_124S_SPLIT_W_002,0.00,15.92,0.00,
SDY_SPLIT_665_121S_W_001,0.00,33.98,0.00,
SDY_SPLIT_665_121S_W_004,0.00,39.00,0.00,
SDY_SPLIT_665_121S_W_005,0.00,36.45,0.00,
SDY_SPLIT_665_121S_W_006,0.00,27.74,0.00,
SDY_SPLIT_665_121S_W_007,0.00,27.60,0.00,
SDY_SPLIT_665_121S_W_008,0.00,22.70,0.00,
MAS_485_41S_W_001,0.00,23.12,0.00,
MAS_485_41S_W_002,0.00,24.07,0.00,
MAS_485_41S_W_003,0.00,19.67,0.00,
MAS_485_41S_W_005,0.00,41.38,0.00,
MAS_485_41S_W_006,0.00,38.50,0.00,
MAS_485_41S_W_007,0.00,20.93,0.00,
MAS_485_41S_W_008,0.00,16.70,0.00,
MAS_485_41S_W_009,0.00,10.61,0.00,
MAS_485_41S_W_010,0.00,19.76,0.00,
MAS_485_41S_W_011,0.00,23.94,0.00,
MAS_485_41S_W_012,0.00,32.25,0.00,
MAS_485_41S_W_013,0.00,31.23,0.00,
MAS_485_41S_W_014,0.00,32.14,0.00,
MAS_485_41S_W_015,0.00,23.38,0.00,
MAS_485_41S_W_016,0.00,20.00,0.00,
MAS_485_41S_W_017,0.00,22.03,0.00,
MAS_485_41S_W_018,0.00,38.21,0.00,
MAS_485_41S_W_019,0.00,36.47,0.00,
MAS_485_41S_W_020,0.00,39.55,0.00,
MAS_485_41S_W_021,0.00,37.40,0.00,
MAS_485_41S_W_022,0.00,36.81,0.00,
MAS_FWS_500_13S_W_027,0.00,16.95,0.00,
MAS_FWS_500_13S_W_028,0.00,19.97,0.00,
MAS_FWS_500_13S_W_029,0.00,22.98,0.00,
MAS_FWS_500_13S_W_030,0.00,23.47,0.00,
MAS_FWS_500_13S_W_031,0.00,25.93,0.00,
MAS_FWS_500_13S_W_032,0.00,25.79,0.00,
MST2_MV_455_E_007,0.00,46.71,0.00,
MST2_MV_455_E_008,0.00,43.04,0.00,
MST2_MV_455_E_009,0.00,23.65,0.00,
MST2_MV_455_E_010,0.00,33.94,0.00,
MST2_FWS_455_38N_E_021,0.00,22.09,0.00,
MST2_FWS_455_38N_E_022,0.00,24.99,0.00,
MST2_FWS_455_38N_E_023,0.00,26.00,0.00,
MST2_FWS_455_38N_E_024,0.00,30.73,0.00,
MST2_FWS_455_38N_E_025,0.00,35.68,0.00,
MST2_FWS_455_38N_E_026,0.00,30.01,0.00,
515_SDN_15S_W_010,0.00,45.18,0.00,
515_SDN_15S_W_011,0.00,44.86,0.00,
515_SDN_15S_W_012,0.00,44.75,0.00,
515_SDN_15S_W_013,0.00,47.80,0.00,
515_SDN_15S_W_014,0.00,48.93,0.00,
515_SDN_15S_W_015,0.00,52.18,0.00,
515_SDN_15S_W_016,0.00,60.90,0.00,
515_SDN_15S_W_017,0.00,63.26,0.00,
515_SDN_16S_E_015,0.00,56.06,0.00,
515_SDN_16S_E_016,0.00,54.68,0.00,
515_SDN_16S_E_017,0.00,54.42,0.00,
515_SDN_16S_E_018,0.00,64.88,0.00,
515_SDN_16S_E_019,0.00,68.99,0.00,
515_SDN_16S_E_021,0.00,53.26,0.00,
515_SDN_16S_E_022,0.00,47.90,0.00,
515_SDN_16S_E_023,0.00,49.56,0.00,
515_SDN_16S_E_024,0.00,35.17,0.00,
515_SDN_16S_E_025,0.00,27.82,0.00,
515_SDN_16S_E_026,0.00,25.87,0.00,
SDN2S_575_73S_E_015,0.00,347.71,0.00,
SDN2S_575_73S_E_016,0.00,346.71,0.00,
SDN2S_575_73S_E_017,0.00,348.36,0.00,
SDN2S_575_73S_E_018,0.00,353.83,0.00,
SDN2S_575_117E_E_001,0.00,44.19,0.00,
SDN2S_575_117E_E_002,0.00,37.79,0.00,
SDN2S_575_117E_E_003,0.00,30.44,0.00,
SDN2S_575_117E_E_004,0.00,26.98,0.00,
SDN2S_605_75S_E_016,0.00,42.80,0.00,
SDN2S_605_75S_E_017,0.00,41.20,0.00,
SDN2S_605_75S_E_018,0.00,38.68,0.00,
SDN2S_605_75S_E_019,0.00,36.11,0.00,
SDN2S_605_75S_E_020,0.00,30.33,0.00,
SDN2S_605_75S_E_021,0.00,28.19,0.00,
SDN2S_605_75S_E_022,0.00,34.59,0.00,
SDN2S_605_75S_E_023,0.00,32.18,0.00,
SDN4_605_141E_E_014,0.00,337.58,0.00,
SDN4_605_141E_E_015,0.00,341.29,0.00,
SDN4_605_141E_E_016,0.00,348.75,0.00,
SDN4_605_141E_E_017,0.00,358.78,0.00,
SDN4_605_141E_E_019,0.00,2.21,0.00,
SDN4_605_141E_E_020,0.00,359.80,0.00,
SDN4_605_141E_E_021,0.00,359.99,0.00,
SDN4_605_141E_E_022,0.00,0.85,0.00,
SDN4_605_141E_E_023,0.00,357.18,0.00,
SDN4_605_141E_E_024,0.00,348.82,0.00,
SDN4_605_141E_E_025,0.00,14.91,0.00,
SDN4_605_141E_E_026,0.00,2.85,0.00,
SDN4_605_141E_E_027,0.00,0.49,0.00,
SDN4_605_141E_E_028,0.00,345.87,0.00,
SDN4_605_141E_E_029,0.00,338.23,0.00,
SDN4_605_141E_E_030,0.00,13.34,0.00,
SDN4_605_141E_E_031,0.00,19.69,0.00,
SDN4_605_141E_E_032,0.00,13.76,0.00,
SDN4_605_141E_E_033,0.00,358.54,0.00,
SDN4_605_141E_E_034,0.00,352.23,0.00,
SDN4_605_141E_E_035,0.00,13.17,0.00,
SDN4_605_141E_E_036,0.00,22.89,0.00,
SDN4_605_141E_E_037,0.00,27.42,0.00,
SDN4_605_141E_E_038,0.00,26.97,0.00,
SDN4_605_141E_E_039,0.00,3.07,0.00,
SDN4_605_141E_E_040,0.00,346.94,0.00,
SDN4_605_141E_E_041,0.00,357.87,0.00,
SDN4_605_141E_W_009,0.00,339.14,0.00,
SDN4_605_141E_W_010,0.00,328.96,0.00,
SDN4_605_141E_W_011,0.00,330.88,0.00,
SDN4_605_141E_W_012,0.00,338.05,0.00,
SDN4_605_141E_W_013,0.00,341.08,0.00,
SDN4_605_141E_W_014,0.00,335.35,0.00,
SDY_650_121S_SPLIT_W_025,0.00,31.39,0.00,
SDY_650_121S_SPLIT_W_026,0.00,31.67,0.00,
SDY_650_121S_SPLIT_W_027,0.00,38.99,0.00,
SDY_650_121S_SPLIT_W_028,0.00,29.68,0.00,
SDY_650_121S_SPLIT_W_029,0.00,25.49,0.00,
SDY_650_121S_SPLIT_W_030,0.00,33.16,0.00,
SDY_650_121S_SPLIT_W_031,0.00,24.13,0.00,
SDY_650_121S_SPLIT_W_032,0.00,15.30,0.00,
SDY_650_121S_SPLIT_W_033,0.00,13.73,0.00,
SDY_650_121S_SPLIT_W_034,0.00,13.90,0.00,
SDY_650_121S_SPLIT_W_035,0.00,9.65,0.00,
SDN_MV_530_130S_E_044,0.00,24.95,0.00,
SDN3_605_141E_W_001,0.00,328.38,0.00,
SDN3_605_141E_W_002,0.00,322.93,0.00,
SDNS_530_143S_E_001,0.00,359.25,0.00,
SDY_650_113S_SPLIT_W_005,0.00,29.31,0.00,
SDY_SPLIT_665_121S_W_002,0.00,39.50,0.00,
SDY_SPLIT_665_121S_W_003,0.00,38.24,0.00,
BHWS_500_20S_E_001,0.00,90.00,0.00,
BHWS_500_14S_W_001,0.00,86.15,0.00,
BHWS_500_14S_W_002,0.00,67.00,0.00,
MAIS_605_143E_W_011,0.00,353.34,0.00,
MAIS_605_143E_W_012,0.00,353.24,0.00,
MAIS_605_143E_W_013,0.00,357.33,0.00,
MAS_485_41S_W_040,0.00,33.56,0.00,
MST2_MV_455_41S_W_024,0.00,51.01,0.00,
MST2_MV_455_41S_W_025,0.00,51.59,0.00,
MST2_MV_455_41S_W_026,0.00,53.43,0.00,
MST2_MV_455_41S_W_027,0.00,52.53,0.00,
MST2_MV_455_41S_W_028,0.00,54.16,0.00,
MST2_MV_455_41S_W_029,0.00,35.99,0.00,
MST2_MV_455_41S_W_030,0.00,29.87,0.00,
MST2_FWS_455_38N_E_042,0.00,36.29,0.00,
MST2_FWS_455_38N_E_043,0.00,28.62,0.00,
MST2_FWS_455_38N_E_044,0.00,16.21,0.00,
SDN_500_12S_W_002,0.00,26.88,0.00,
SDN_500_12S_W_003,0.00,30.63,0.00,
SDN_500_12S_W_004,0.00,30.74,0.00,
SDN_500_14S_E_001,0.00,46.66,0.00,
SDN_500_14S_E_002,0.00,42.83,0.00,
515_SDN_16S_E_050,0.00,11.90,0.00,
515_SDN_16S_E_051,0.00,10.20,0.00,
SDN_515_76S_W_006,0.00,30.42,0.00,
SDN_515_76S_W_007,0.00,27.82,0.00,
SDN_515_76S_W_008,0.00,29.26,0.00,
SDN2_530_132S_W_043,0.00,2.01,0.00,
SDN2_530_132S_W_044,0.00,0.92,0.00,
SDN2_530_132S_W_045,0.00,11.76,0.00,
SDN2_530_132S_W_046,0.00,18.12,0.00,
SDN2_530_132S_W_047,0.00,20.26,0.00,
SDN2_530_132S_W_048,0.00,12.75,0.00,
SDN2_530_132S_W_049,0.00,15.07,0.00,
SDN2_530_132S_W_050,0.00,17.11,0.00,
SDN2_560_88E_W_067,0.00,356.51,0.00,
SDN2_560_88E_W_068,0.00,357.07,0.00,
SDN2_560_88E_W_069,0.00,0.41,0.00,
SDN2_560_88E_W_070,0.00,355.27,0.00,
SDN2_560_88E_W_071,0.00,356.24,0.00,
SDN4_605_141E_W_024,0.00,338.46,0.00,
SDN4_605_141E_W_025,0.00,329.78,0.00,
SDN4_605_141E_W_026,0.00,338.32,0.00,
SDN4_605_141E_W_027,0.00,338.05,0.00,
SDN4_605_141E_W_028,0.00,336.86,0.00,
SDN4_605_141E_W_029,0.00,337.54,0.00,
SDN4_605_141E_W_030,0.00,339.19,0.00,
SDN4_605_141E_W_031,0.00,338.70,0.00,
SDN4_605_141E_W_032,0.00,338.40,0.00,
SDN4_605_141E_W_033,0.00,338.50,0.00,
SDN4_605_141E_W_034,0.00,337.96,0.00,
SDN4_605_141E_W_035,0.00,345.71,0.00,
SDN4_605_141E_W_036,0.00,348.26,0.00,
SDN4_605_141E_W_037,0.00,345.66,0.00,
SDN4_635_151E_W_001,0.00,8.16,0.00,
SDN4_635_151E_W_002,0.00,7.25,0.00,
MAI_HWS_710_197E_E_004,0.00,22.74,0.00,
MAI_HWS_710_197E_E_005,0.00,22.47,0.00,
MAI_HWS_710_197E_E_006,0.00,20.37,0.00,
MAI_HWS_710_197E_E_007,0.00,21.71,0.00,
MAI_710_197E_E_003,0.00,7.90,0.00,
MAI_710_197E_E_006,0.00,1.74,0.00,
MAI_710_197E_E_007,0.00,7.88,0.00,
SDN_MV_530_130S_E_058,0.00,353.06,0.00,
SDN_MV_530_130S_E_059,0.00,359.24,0.00,
SDN_MV_530_130S_E_060,0.00,5.26,0.00,
SDN2S_605_118S_E_029,0.00,23.57,0.00,
SDN2S_605_118S_E_030,0.00,23.79,0.00,
SDN2S_605_118S_E_032,0.00,13.06,0.00,
SDN2S_605_118S_E_033,0.00,7.21,0.00,
SDY_SPLIT_665_118S_E_001,0.00,47.41,0.00,
SDY_SPLIT_665_118S_E_002,0.00,60.14,0.00,
SDY_SPLIT_665_118S_E_003,0.00,30.56,0.00,
MAS_485_41S_W_026,0.00,55.33,0.00,
MAS_485_41S_W_027,0.00,55.48,0.00,
MAS_485_41S_W_028,0.00,49.15,0.00,
MAS_485_41S_W_030,0.00,40.82,0.00,
MAS_485_41S_W_031,0.00,60.92,0.00,
MAS_485_41S_W_032,0.00,49.34,0.00,
MAS_485_41S_W_033,0.00,38.49,0.00,
MAS_485_41S_W_034,0.00,41.47,0.00,
MAS_485_41S_W_035,0.00,45.02,0.00,
MAS_485_41S_W_036,0.00,45.02,0.00,
MAS_485_41S_W_037,0.00,46.66,0.00,
MAS_485_41S_W_038,0.00,38.13,0.00,
MAS_485_41S_W_039,0.00,38.86,0.00,
SDN_FWS_530_124S_E_012,0.00,16.06,0.00,
SDN_FWS_530_124S_E_013,0.00,0.30,0.00,
SDN_FWS_530_124S_E_014,0.00,8.23,0.00,
SDN_FWS_530_124S_E_015,0.00,25.64,0.00,
MST2_FWS_455_38N_E_033,0.00,45.00,0.00,
MST2_FWS_455_38N_E_034,0.00,51.61,0.00,
MST2_FWS_455_38N_E_035,0.00,43.88,0.00,
MST2_FWS_455_38N_E_036,0.00,28.18,0.00,
515_SDN_16S_E_036,0.00,46.69,0.00,
515_SDN_16S_E_037,0.00,45.51,0.00,
SDN2S_605_118S_E_031,0.00,19.53,0.00,
SDN2S_605_118S_E_034,0.00,9.00,0.00,
SDN2S_605_118S_E_035,0.00,10.00,0.00,
SDN2S_605_118S_E_036,0.00,10.00,0.00,
SDN4_605_141E_W_022,0.00,0.85,0.00,
MAIS_605_143E_W_001,0.00,359.01,0.00,
MAIS_605_143E_W_002,0.00,2.44,0.00,
MAIS_605_143E_W_003,0.00,20.56,0.00,
MAIS_605_143E_W_004,0.00,19.83,0.00,
MAIS_605_143E_W_005,0.00,16.51,0.00,
MAIS_605_143E_W_006,0.00,14.32,0.00,
MAIS_605_143E_W_007,0.00,354.46,0.00,
MAIS_605_144E_E_001,0.00,359.46,0.00,
MAIS_605_144E_E_002,0.00,358.83,0.00,
MAIS_605_144E_E_003,0.00,358.07,0.00,
MAIS_605_144E_E_004,0.00,9.12,0.00,
MAIS_605_144E_E_007,0.00,9.07,0.00,
SDN2_530_132S_W_041,0.00,1.57,0.00,
SDN2_560_71S_W_063,0.00,12.64,0.00,
SDN2_560_71S_W_064,0.00,22.86,0.00,
SDNS_530_102S_E_028,0.00,54.69,0.00,
SDN2_545_W_124,0.00,16.71,0.00,
MST2_MV_455_41S_W_013,0.00,49.77,0.00,
MST2_MV_455_41S_W_015,0.00,48.18,0.00,
MST2_MV_455_41S_W_016,0.00,45.02,0.00,
MST2_MV_455_41S_W_017,0.00,45.35,0.00,
MST2_MV_455_41S_W_018,0.00,52.53,0.00,
MST2_MV_455_41S_W_019,0.00,62.02,0.00,
MST2_MV_455_E_014,0.00,19.16,0.00,
MST2_MV_455_E_015,0.00,34.63,0.00,
MST2_MV_455_E_016,0.00,23.06,0.00,
515_SDN_16S_E_038,0.00,49.79,0.00,
515_SDN_16S_E_039,0.00,47.49,0.00,
515_SDN_16S_E_040,0.00,45.02,0.00,
515_SDN_16S_E_041,0.00,45.02,0.00,
515_SDN_16S_E_042,0.00,43.29,0.00,
515_SDN_16S_E_043,0.00,48.45,0.00,
515_SDN_16S_E_044,0.00,40.98,0.00,
515_SDN_16S_E_045,0.00,38.14,0.00,
515_SDN_16S_E_046,0.00,35.60,0.00,
MST2_MV_455_E_001,0.00,16.83,0.00,
MST2_MV_455_E_002,0.00,29.65,0.00,
MST2_MV_455_E_003,0.00,41.19,0.00,
MST2_MV_455_E_004,0.00,46.33,0.00,
MST2_MV_455_E_005,0.00,45.46,0.00,
MST2_MV_455_E_006,0.00,46.71,0.00,
MST2_FWS_455_38N_E_007,0.00,33.20,0.00,
MST2_FWS_455_38N_E_008,0.00,45.02,0.00,
MST2_FWS_455_38N_E_009,0.00,49.13,0.00,
MST2_FWS_455_38N_E_010,0.00,56.64,0.00,
MST2_FWS_455_38N_E_011,0.00,31.95,0.00,
MST2_FWS_455_38N_E_012,0.00,33.71,0.00,
MST2_FWS_455_38N_E_013,0.00,26.37,0.00,
MST2_FWS_455_38N_E_014,0.00,26.47,0.00,
MST2_FWS_455_38N_E_015,0.00,30.61,0.00,
MST2_FWS_455_38N_E_016,0.00,37.29,0.00,
MST2_FWS_455_38N_E_017,0.00,39.97,0.00,
MST2_FWS_455_38N_E_018,0.00,40.02,0.00,
MST2_FWS_455_38N_E_019,0.00,37.85,0.00,
MST2_FWS_455_38N_E_020,0.00,13.49,0.00,
515_SDN_15S_W_001,0.00,46.43,0.00,
515_SDN_15S_W_002,0.00,47.10,0.00,
515_SDN_15S_W_003,0.00,45.37,0.00,
515_SDN_15S_W_004,0.00,26.38,0.00,
515_SDN_15S_W_005,0.00,34.01,0.00,
515_SDN_15S_W_006,0.00,27.80,0.00,
515_SDN_15S_W_007,0.00,25.88,0.00,
515_SDN_15S_W_008,0.00,25.29,0.00,
515_SDN_15S_W_009,0.00,32.63,0.00,
515_SDN_16S_E_008,0.00,39.25,0.00,
515_SDN_16S_E_009,0.00,47.85,0.00,
515_SDN_16S_E_011,0.00,38.04,0.00,
515_SDN_16S_E_012,0.00,37.45,0.00,
515_SDN_16S_E_013,0.00,39.12,0.00,
515_SDN_16S_E_014,0.00,46.32,0.00,
SDN2_530_132E_E_007,0.00,4.50,0.00,
SDN2_530_132E_E_008,0.00,0.28,0.00,
SDN2_530_132E_E_009,0.00,347.28,0.00,
SDN2_530_132E_E_010,0.00,353.02,0.00,
SDN2_530_132E_E_011,0.00,24.78,0.00,
SDN2_530_132E_E_012,0.00,26.71,0.00,
SDN2_530_132E_E_013,0.00,26.41,0.00,
SDN2_530_132E_E_014,0.00,28.50,0.00,
SDN2_530_132E_E_015,0.00,31.60,0.00,
SDN2_530_132E_E_016,0.00,33.34,0.00,
SDN2_530_132E_E_017,0.00,35.43,0.00,
SDN2_530_82S_W_012,0.00,356.36,0.00,
SDN2_530_82S_W_013,0.00,356.81,0.00,
SDN2_530_82S_W_014,0.00,352.73,0.00,
SDN2_530_82S_W_015,0.00,350.19,0.00,
SDN2_530_132E_W_016,0.00,351.18,0.00,
SDN2_530_132E_W_017,0.00,353.74,0.00,
SDN2_530_132E_W_018,0.00,358.32,0.00,
SDN2_530_132E_W_019,0.00,357.65,0.00,
SDN2_530_132E_W_020,0.00,357.65,0.00,
SDN2_530_132E_W_021,0.00,359.10,0.00,
SDN2_530_132S_W_022,0.00,4.28,0.00,
SDN2_530_132S_W_023,0.00,350.02,0.00,
SDN2_530_132S_W_024,0.00,356.68,0.00,
SDN2_530_132S_W_025,0.00,354.62,0.00,
SDN2_530_132S_W_026,0.00,359.00,0.00,
SDN2_530_132S_W_027,0.00,359.91,0.00,
SDN2_530_132S_W_028,0.00,355.85,0.00,
SDN2_530_132S_W_029,0.00,356.91,0.00,
SDNS_530_135S_E_006,0.00,357.98,0.00,
SDNS_530_135S_E_007,0.00,3.76,0.00,
SDNS_530_135S_E_008,0.00,3.23,0.00,
SDNS_530_135S_E_009,0.00,16.06,0.00,
SDNS_530_135S_E_010,0.00,13.78,0.00,
SDNS_530_135S_E_011,0.00,7.82,0.00,
SDNS_530_135S_E_012,0.00,8.43,0.00,
SDNS_530_135S_E_013,0.00,19.07,0.00,
SDNS_530_135S_E_014,0.00,25.15,0.00,
SDNS_530_135S_E_015,0.00,25.51,0.00,
SDY_650_117S_SPLIT_W_010,0.00,28.79,0.00,
SDY_650_117S_SPLIT_W_009,0.00,37.81,0.00,
SDY_650_117S_SPLIT_W_011,0.00,26.58,0.00,
SDY_650_117S_SPLIT_W_012,0.00,33.11,0.00,
SDY_650_117S_SPLIT_W_013,0.00,35.95,0.00,
SDY_650_117S_SPLIT_W_014,0.00,67.48,0.00,
SDY_650_117S_SPLIT_W_015,0.00,79.60,0.00,
SDY_650_117S_SPLIT_W_016,0.00,79.99,0.00,
SDY_650_117S_SPLIT_W_017,0.00,83.74,0.00,
SDY_650_123S_SPLIT_W_018,0.00,8.53,0.00,
SDY_650_123S_SPLIT_W_019,0.00,20.49,0.00,
MST2_FWS_455_38N_E_037,0.00,31.04,0.00,
MST2_FWS_455_38N_E_038,0.00,31.21,0.00,
MST2_FWS_455_38N_E_039,0.00,35.47,0.00,
MST2_FWS_455_38N_E_040,0.00,63.44,0.00,
MST2_FWS_455_38N_E_041,0.00,58.09,0.00,
SDN_515_80S_E_007,0.00,61.09,0.00,
SDN_515_80S_E_008,0.00,62.17,0.00,
SDN_515_80S_E_009,0.00,51.00,0.00,
SDN_515_80S_E_010,0.00,43.53,0.00,
SDN_515_80S_E_011,0.00,42.39,0.00,
SDN_515_80S_W_001,0.00,343.91,0.00,
SDN_515_80S_W_002,0.00,351.46,0.00,
SDN_515_80S_W_003,0.00,354.71,0.00,
SDN_515_80S_W_004,0.00,354.40,0.00,
SDN_515_80S_W_005,0.00,0.00,0.00,
SDN2_560_88E_W_074,0.00,7.95,0.00,
SDN2_560_88E_W_076,0.00,359.50,0.00,
SDN2_560_88E_W_077,0.00,351.30,0.00,
SDN2_560_88E_W_078,0.00,350.98,0.00,
SDN2_560_88E_W_079,0.00,4.45,0.00,
SDN2_560_88E_W_080,0.00,5.39,0.00,
SDN2_560_88E_W_081,0.00,9.70,0.00,
SDN2_560_88E_W_082,0.00,11.41,0.00,
SDN2_560_88E_W_083,0.00,12.27,0.00,
SDN2_SPLIT_560_90E_W_001,0.00,340.52,0.00,
SDN2_SPLIT_560_80E_E_001,0.00,40.59,0.00,
SDN2_SPLIT_560_80E_E_002,0.00,32.58,0.00,
SDN2_SPLIT_560_80E_E_003,0.00,28.79,0.00,
SDN2_SPLIT_560_81E_W_001,0.00,40.21,0.00,
SDN2_SPLIT_560_81E_W_002,0.00,34.22,0.00,
SDN2_SPLIT_560_81E_W_003,0.00,28.89,0.00,
SDN2S_575_117E_E_005,0.00,29.41,0.00,
SDN2S_575_117E_E_007,0.00,22.91,0.00,
SDN2S_665_123S_W_002,0.00,42.15,0.00,
SDN4_635_151E_W_003,0.00,4.92,0.00,
SDN4_635_151E_W_004,0.00,8.03,0.00,
SDN4_635_151E_W_005,0.00,15.08,0.00,
SDN4_635_151E_W_006,0.00,14.30,0.00,
SDN4_635_151E_W_011,0.00,358.13,0.00,
SDN4_635_151E_W_012,0.00,353.21,0.00,
SDN4_635_151E_W_014,0.00,311.89,0.00,
SDN4_635_151E_W_015,0.00,307.13,0.00,
SDN4_635_151E_W_016,0.00,318.02,0.00,
SDN4_635_151E_W_017,0.00,332.09,0.00,
SDN4_635_151E_W_018,0.00,343.06,0.00,
SDN4_635_151E_W_019,0.00,346.52,0.00,
SDN4_635_151E_W_020,0.00,346.44,0.00,
SDN4_635_151E_W_021,0.00,339.47,0.00,
SDN4_635_151E_W_023,0.00,338.52,0.00,
SDN4_635_151E_W_024,0.00,337.06,0.00,
SDN4_635_151E_W_025,0.00,333.89,0.00,
SDN4_635_151E_W_026,0.00,335.57,0.00,
SDN4_635_151E_W_027,0.00,339.39,0.00,
SDN4_635_151E_W_028,0.00,346.09,0.00,
SDN4_635_151E_W_029,0.00,349.83,0.00,
SDN4S_605_124E_W_008,0.00,354.60,0.00,
SDN4S_605_124E_W_009,0.00,354.65,0.00,
SDN4S_605_124E_W_010,0.00,351.49,0.00,
SDN4S_605_124E_W_011,0.00,348.01,0.00,
SDN4S_605_124E_W_012,0.00,356.94,0.00,
SDN4S_605_124E_W_013,0.00,356.24,0.00,
SDN4S_605_124E_W_014,0.00,357.93,0.00,
SDN4S_605_124E_W_015,0.00,3.31,0.00,
SDN4S_605_124E_W_016,0.00,6.33,0.00,
SDN4S_605_124E_W_017,0.00,27.75,0.00,
SDNS_485_59S_E_004,0.00,37.99,0.00,
SDNS_515_74S_W_001,0.00,3.03,0.00,
SDNS_515_74S_W_002,0.00,4.29,0.00,
SDNS_515_74S_W_003,0.00,8.07,0.00,
SDNS_515_74S_W_004,0.00,10.75,0.00,
SDNS_515_74S_W_005,0.00,19.77,0.00,
SDNS_515_74S_W_006,0.00,21.66,0.00,
SDNS_515_75S_W_002,0.00,52.81,0.00,
SDNS_515_75S_W_003,0.00,45.98,0.00,
SDNS_515_75S_W_004,0.00,35.73,0.00,
SDNS_515_75S_W_005,0.00,34.33,0.00,
SDNS_515_80S_E_001,0.00,47.61,0.00,
SDNS_515_80S_E_003,0.00,51.05,0.00,
SDNS_515_80S_E_004,0.00,50.39,0.00,
SDNS_515_80S_E_005,0.00,43.51,0.00,
SDNS_515_80S_E_006,0.00,38.26,0.00,
SDNS_515_80S_E_007,0.00,37.31,0.00,
SDNS_515_80S_E_008,0.00,36.31,0.00,
SDNS_515_80S_E_009,0.00,35.31,0.00,
SDNS_515_80S_E_010,0.00,35.52,0.00,
SDNS_515_80S_E_015,0.00,36.31,0.00,
SDNS_515_80S_E_018,0.00,49.66,0.00,
SDNS_515_80S_E_019,0.00,55.35,0.00,
SDNS_515_80S_W_002,0.00,33.05,0.00,
SDNS_515_80S_W_003,0.00,29.93,0.00,
SDNS_515_80S_W_004,0.00,30.67,0.00,
SDNS_515_80S_W_005,0.00,28.30,0.00,
SDNS_515_80S_W_006,0.00,30.42,0.00,
SDNS_515_80S_W_007,0.00,27.82,0.00,
SDNS_515_80S_W_008,0.00,29.26,0.00,
SDNS_515_80S_W_009,0.00,11.21,0.00,
SDNS_515_80S_W_010,0.00,11.92,0.00,
SDNS_515_80S_W_012,0.00,19.70,0.00,
SDNS_530_123S_W_012,0.00,31.96,0.00,
SDNS_530_123S_W_013,0.00,31.96,0.00,
SDNS_530_123S_W_014,0.00,28.73,0.00,
SDNS_530_123S_W_015,0.00,28.91,0.00,
SDNS_530_123S_W_016,0.00,26.72,0.00,
SDNS_530_123S_W_017,0.00,30.32,0.00,
SDNS_530_123S_W_027,0.00,31.79,0.00,
SDNS_530_123S_W_028,0.00,31.42,0.00,
BHWS_496_39S_W_001,0.00,60.24,0.00,
BHWS_496_39S_W_002,0.00,60.02,0.00,
BHWS_496_39S_W_003,0.00,60.74,0.00,
BHWS_496_39S_W_004,0.00,52.61,0.00,
BHWS_496_39S_W_005,0.00,50.90,0.00,
BHWS_496_39S_W_008,0.00,35.49,0.00,
BHWS_500_20S_W_001,0.00,104.46,0.00,
BHWS_500_20S_W_002,0.00,101.58,0.00,
BHWS_500_20S_W_003,0.00,86.47,0.00,
BHWS_500_20S_W_004,0.00,73.71,0.00,
BHWS_500_26S_E_001,0.00,39.37,0.00,
BHWS_500_26S_E_002,0.00,47.12,0.00,
BHWS_500_26S_E_003,0.00,49.51,0.00,
BHWS_500_26S_E_004,0.00,45.98,0.00,
BHWS_500_26S_E_005,0.00,41.32,0.00,
BHWS_500_26S_E_006,0.00,53.30,0.00,
BHWS_500_26S_E_007,0.00,61.50,0.00,
BHWS_500_26S_E_008,0.00,69.35,0.00,
BHWS_500_26S_E_009,0.00,72.19,0.00,
BHWS_500_26S_E_010,0.00,57.82,0.00,
BHWS_500_26S_E_011,0.00,52.72,0.00,
BHWS_500_26S_E_012,0.00,54.95,0.00,
BHWS_500_26S_E_013,0.00,49.54,0.00,
BHWS_500_26S_E_014,0.00,50.31,0.00,
BHWS_500_14S_W_004,0.00,70.06,0.00,
BHWS_500_14S_W_005,0.00,87.72,0.00,
BHWS_500_14S_W_006,0.00,89.31,0.00,
BHWS_500_14S_W_007,0.00,88.47,0.00,
BHWS_500_14S_W_008,0.00,89.13,0.00,
BHWS_500_14S_W_009,0.00,84.57,0.00,
MAI_HWS_605_121E_W_001,0.00,357.89,0.00,
MAI_HWS_605_121E_W_002,0.00,359.21,0.00,
MAI_HWS_605_121E_W_003,0.00,2.14,0.00,
MAI_HWS_605_121E_W_004,0.00,3.50,0.00,
MAI_HWS_605_121E_W_005,0.00,1.09,0.00,
MAIS_605_122E_E_001,0.00,3.43,0.00,
MAIS_605_122E_E_002,0.00,5.95,0.00,
MAIS_605_122E_E_003,0.00,5.28,0.00,
MAIS_605_122E_E_004,0.00,359.05,0.00,
MAIS_605_122E_E_005,0.00,358.24,0.00,
MAIS_605_122E_E_006,0.00,357.51,0.00,
MAIS_605_122E_E_007,0.00,354.98,0.00,
MAIS_605_122E_E_008,0.00,355.46,0.00,
MAIS_605_122E_E_009,0.00,350.70,0.00,
MAIS_605_122E_E_010,0.00,354.86,0.00,
MAIS_605_122E_E_011,0.00,358.34,0.00,
MAIS_605_122E_E_012,0.00,1.66,0.00,
MAIS_605_122E_E_013,0.00,3.46,0.00,
MAIS_605_122E_E_014,0.00,5.72,0.00,
MAIS_605_122E_E_015,0.00,4.21,0.00,
MAIS_605_122E_E_016,0.00,3.48,0.00,
MAIS_605_122E_E_017,0.00,8.98,0.00,
MAIS_605_122E_E_018,0.00,7.57,0.00,
MAIS_605_122E_E_019,0.00,7.18,0.00,
MAIS_605_122E_E_020,0.00,8.34,0.00,
MAIS_605_122E_E_021,0.00,16.61,0.00,
MAIS_605_122E_E_022,0.00,6.86,0.00,
MAIS_605_122E_E_023,0.00,5.61,0.00,
MAIS_605_122E_E_024,0.00,5.97,0.00,
MAIS_605_122E_E_025,0.00,6.49,0.00,
MAIS_605_122E_E_026,0.00,8.81,0.00,
MAIS_605_122E_E_027,0.00,11.32,0.00,
MAIS_605_122E_E_028,0.00,15.52,0.00,
MAIS_605_122E_E_029,0.00,14.38,0.00,
MAIS_605_143E_W_014,0.00,0.00,0.00,
MAIS_605_143E_W_015,0.00,359.02,0.00,
MAIS_605_143E_W_016,0.00,23.14,0.00,
MAIS_605_143E_W_017,0.00,24.06,0.00,
MAIS_605_143E_W_018,0.00,24.30,0.00,
MAIS_605_144E_E_006,0.00,7.43,0.00,
MAIS_605_144E_E_011,0.00,35.18,0.00,
MAIS_605_144E_E_012,0.00,36.00,0.00,
MAI_SPLIT_605_149E_E_001,0.00,348.57,0.00,
MAI_SPLIT_605_149E_E_002,0.00,0.53,0.00,
MAI_SPLIT_605_149E_E_003,0.00,5.15,0.00,
BBK_496_16S_W_001,0.00,21.43,0.00,
BBK_496_16S_W_002,0.00,17.92,0.00,
BBK_496_16S_W_003,0.00,14.90,0.00,
BBK_496_16S_W_004,0.00,18.05,0.00,
BBK_496_16S_W_005,0.00,16.18,0.00,
BBK_496_16S_W_006,0.00,15.04,0.00,
MAS_496_41S_W_001,0.00,3.46,0.00,
MAS_496_41S_W_002,0.00,12.52,0.00,
MAS_496_41S_W_003,0.00,36.89,0.00,
MAS_496_41S_W_004,0.00,38.07,0.00,
MAS_496_41S_W_005,0.00,14.53,0.00,
MAS_496_41S_W_006,0.00,18.09,0.00,
MAS_496_41S_W_007,0.00,32.45,0.00,
MAS_496_41S_W_008,0.00,33.09,0.00,
MAS_496_41S_W_009,0.00,32.47,0.00,
MAS_496_41S_W_010,0.00,23.28,0.00,
MAS_496_41S_W_011,0.00,27.19,0.00,
MAS_496_41S_W_012,0.00,31.92,0.00,
MAS_496_41S_W_015,0.00,42.35,0.00,
MAS_496_41S_W_016,0.00,44.02,0.00,
MAS_496_41S_W_017,0.00,51.41,0.00,
MAS_496_41S_W_019,0.00,41.78,0.00,
MAS_496_41S_W_020,0.00,34.83,0.00,
MAS_496_41S_W_021,0.00,52.11,0.00,
MAS_496_41S_W_022,0.00,35.73,0.00,
MAS_496_41S_W_023,0.00,33.18,0.00,
MAS_496_41S_W_024,0.00,25.70,0.00,
MAS_496_41S_W_025,0.00,44.80,0.00,
MAS_496_41S_W_026,0.00,50.11,0.00,
MAS_496_41S_W_027,0.00,52.56,0.00,
MAS_496_41S_W_028,0.00,42.20,0.00,
MAS_496_41S_W_029,0.00,45.70,0.00,
MAS_496_41S_W_030,0.00,50.93,0.00,
MAS_496_41S_W_031,0.00,56.98,0.00,
MAS_496_41S_W_032,0.00,44.41,0.00,
MAS_496_41S_W_033,0.00,48.20,0.00,
MAS_496_41S_W_034,0.00,44.47,0.00,
MAS_496_41S_W_035,0.00,45.65,0.00,
MAS_496_41S_W_036,0.00,47.99,0.00,
MAS_496_41S_W_037,0.00,48.27,0.00,
MAS_496_41S_W_038,0.00,49.86,0.00,
MAS_496_41S_W_039,0.00,53.37,0.00,
MAS_496_41S_W_040,0.00,54.31,0.00,
MAS_496_41S_W_041,0.00,39.25,0.00,
MAS_HWS_500_W_8S_001,0.00,79.77,0.00,
MAS_HWS_500_W_8S_002,0.00,79.25,0.00,
MAS_HWS_500_W_8S_003,0.00,71.58,0.00,
MAS_HWS_500_W_8S_004,0.00,63.60,0.00,
MAS_HWS_500_W_8S_005,0.00,65.50,0.00,
MAS_HWS_500_10S_W_003,0.00,47.56,0.00,
MAS_HWS_500_10S_W_004,0.00,50.76,0.00,
MAS_HWS_500_10S_W_005,0.00,34.34,0.00,
MAS_HWS_500_10S_W_006,0.00,31.77,0.00,
MAS_HWS_500_10S_W_007,0.00,35.31,0.00,
MAS_HWS_500_10S_W_008,0.00,41.57,0.00,
MAS_HWS_500_10S_W_009,0.00,53.47,0.00,
MAS_HWS_500_10S_W_010,0.00,50.27,0.00,
MAS_HWS_500_10S_W_012,0.00,46.68,0.00,
MAS_HWS_500_10S_W_013,0.00,46.35,0.00,
MAS_HWS_500_10S_W_014,0.00,39.61,0.00,
MAS_HWS_500_E_001,0.00,30.52,0.00,
MAS_HWS_500_E_002,0.00,31.99,0.00,
MAS_HWS_500_E_003,0.00,34.26,0.00,
MAS_HWS_500_E_004,0.00,32.27,0.00,
MAS_HWS_500_E_005,0.00,30.34,0.00,
MAS_HWS_500_E_006,0.00,35.09,0.00,
MAS_HWS_500_E_007,0.00,42.53,0.00,
MST2_MV_455_E_017,0.00,355.97,0.00,
MST2_MV_455_E_020,0.00,2.62,0.00,
MST2_MV_455_E_021,0.00,6.42,0.00,
MST2_MV_455_E_022,0.00,14.21,0.00,
MST2_MV_455_E_023,0.00,26.13,0.00,
MST2_MV_455_E_024,0.00,28.89,0.00,
MST2_MV_455_E_025,0.00,39.87,0.00,
MST2_MV_455_E_026,0.00,38.44,0.00,
MST2_MV_455_E_027,0.00,28.01,0.00,
MST2_MV_455_E_028,0.00,26.58,0.00,
MST2_MV_455_E_029,0.00,14.05,0.00,
MST2_MV_455_E_030,0.00,15.34,0.00,
MST2_MV_455_E_031,0.00,16.71,0.00,
MST2_MV_455_E_032,0.00,13.53,0.00,
MST2_MV_455_E_033,0.00,19.67,0.00,
MST2_MV_455_41S_W_021,0.00,53.30,0.00,
MST2_MV_455_41S_W_022,0.00,48.57,0.00,
MST2_MV_455_41S_W_023,0.00,48.74,0.00,
MST2_MV_455_41S_W_031,0.00,37.90,0.00,
MST2_MV_455_41S_W_032,0.00,35.17,0.00,
MST2_MV_455_41S_W_033,0.00,37.93,0.00,
MST2_MV_455_41S_W_034,0.00,51.07,0.00,
MST2_MV_455_41S_W_035,0.00,46.80,0.00,
MST2_MV_455_41S_W_036,0.00,41.45,0.00,
MST2_MV_455_41S_W_037,0.00,31.97,0.00,
MST2_MV_455_41S_W_038,0.00,45.37,0.00,
MST2_MV_455_41S_W_039,0.00,43.37,0.00,
MST2_MV_455_41S_W_040,0.00,34.58,0.00,
MST2_MV_455_41S_W_041,0.00,36.12,0.00,
MST2_MV_470_40N_W_019,0.00,57.10,0.00,
MST2_MV_470_40N_W_020,0.00,42.96,0.00,
MST2_MV_470_40N_W_021,0.00,72.34,0.00,
MST2_MV_470_40N_W_022,0.00,74.73,0.00,
MST2_MV_470_40N_W_023,0.00,24.04,0.00,
MST2_MV_470_40N_W_024,0.00,37.86,0.00,
MST2_MV_470_40N_W_025,0.00,44.60,0.00,
MST2_MV_470_40N_W_026,0.00,46.03,0.00,
MST2_MV_470_40N_W_027,0.00,43.73,0.00,
MST2_MV_470_40N_W_028,0.00,46.90,0.00,
MST2_MV_470_40N_W_029,0.00,45.28,0.00,
MST2_MV_470_40N_W_030,0.00,40.39,0.00,
MST2_MV_470_40N_W_031,0.00,26.03,0.00,
MST2_MV_470_40N_W_032,0.00,16.49,0.00,
MST2_MV_470_40N_W_033,0.00,23.68,0.00,
MST2_MV_470_40N_W_034,0.00,28.60,0.00,
MST2_MV_470_40N_W_036,0.00,44.05,0.00,
MST2_MV_470_40N_W_037,0.00,45.71,0.00,
MST2_MV_470_40N_W_038,0.00,48.84,0.00,
MST2_MV_470_40N_W_039,0.00,30.61,0.00,
MST2_MV_470_40N_W_040,0.00,28.34,0.00,
MST2_MV_470_40N_W_041,0.00,8.02,0.00,
MST2_MV_470_40N_W_042,0.00,21.11,0.00,
MST2_MV_470_40N_W_043,0.00,39.58,0.00,
MST2_MV_470_40N_W_044,0.00,38.47,0.00,
MST2_MV_470_40N_W_045,0.00,45.33,0.00,
MST2_MV_470_40N_W_046,0.00,42.01,0.00,
MST2_MV_470_40N_W_047,0.00,44.68,0.00,
MST2_MV_470_40N_W_048,0.00,52.43,0.00,
MST2_MV_470_40N_W_049,0.00,57.58,0.00,
MST2_MV_470_40N_W_050,0.00,60.79,0.00,
MST2_MV_470_40N_W_051,0.00,68.96,0.00,
MST2_MV_470_40N_W_052,0.00,67.15,0.00,
MST2_MV_470_40N_W_053,0.00,62.23,0.00,
MST2_MV_470_40N_W_054,0.00,55.24,0.00,
MST2_MV_470_40N_W_055,0.00,34.02,0.00,
MST2_MV_470_40N_W_056,0.00,35.87,0.00,
MST2_MV_470_40N_W_057,0.00,44.15,0.00,
MST2_MV_470_40N_W_058,0.00,66.00,0.00,
MST2_MV_485_W_036,0.00,92.68,0.00,
MST2_MV_485_W_037,0.00,76.71,0.00,
MST2_MV_485_W_038,0.00,57.46,0.00,
MST2_MV_485_W_039,0.00,50.03,0.00,
MST2_MV_485_W_040,0.00,49.61,0.00,
MST2_MV_485_W_041,0.00,60.66,0.00,
MST2_MV_485_W_042,0.00,51.57,0.00,
MST2_MV_485_W_043,0.00,55.25,0.00,
MST2_MV_485_W_044,0.00,54.97,0.00,
MST2_MV_485_W_045,0.00,57.46,0.00,
MST2_MV_485_W_046,0.00,33.88,0.00,
MST2_MV_485_W_047,0.00,25.22,0.00,
MST2_MV_485_W_049,0.00,32.09,0.00,
MST2_MV_485_W_050,0.00,36.44,0.00,
MST2_MV_485_W_051,0.00,49.50,0.00,
MST2_MV_485_W_052,0.00,47.70,0.00,
MST2_MV_485_W_053,0.00,43.39,0.00,
MST2_MV_485_W_054,0.00,47.32,0.00,
485_SDN_60S_W_001,0.00,37.36,0.00,
485_SDN_60S_W_002,0.00,37.66,0.00,
485_SDN_60S_W_003,0.00,38.62,0.00,
485_SDN_60S_W_004,0.00,37.95,0.00,
485_SDN_60S_W_005,0.00,39.63,0.00,
485_SDN_60S_W_006,0.00,35.50,0.00,
485_SDN_60S_W_009,0.00,31.05,0.00,
485_SDN_60S_W_014,0.00,33.55,0.00,
485_SDN_E_001,0.00,38.52,0.00,
485_SDN_E_007,0.00,28.59,0.00,
485_SDN_E_008,0.00,33.11,0.00,
SDN_500_12S_W_010,0.00,57.49,0.00,
SDN_500_12S_W_011,0.00,63.70,0.00,
SDN_500_12S_W_012,0.00,72.02,0.00,
SDN_500_12S_W_013,0.00,68.10,0.00,
SDN_500_12S_W_014,0.00,66.65,0.00,
SDN_500_12S_W_015,0.00,57.99,0.00,
SDN_500_12S_W_016,0.00,54.65,0.00,
SDN_500_12S_W_017,0.00,54.38,0.00,
SDN_500_12S_W_018,0.00,58.59,0.00,
SDN_500_12S_W_019,0.00,59.45,0.00,
SDN_500_12S_W_026,0.00,22.85,0.00,
SDN_500_12S_W_053,0.00,39.91,0.00,
SDN_500_14S_E_009,0.00,41.85,0.00,
SDN_500_14S_E_010,0.00,43.32,0.00,
SDN_500_14S_E_011,0.00,47.13,0.00,
SDN_500_14S_E_012,0.00,47.62,0.00,
SDN_500_14S_E_013,0.00,48.35,0.00,
SDN_500_14S_E_014,0.00,45.24,0.00,
SDN_500_14S_E_015,0.00,49.58,0.00,
SDN_500_14S_E_016,0.00,54.65,0.00,
SDN_500_14S_E_017,0.00,56.07,0.00,
SDN_500_14S_E_018,0.00,49.22,0.00,
SDN_500_14S_E_019,0.00,47.82,0.00,
SDN_500_14S_E_020,0.00,35.44,0.00,
SDN_500_14S_E_021,0.00,36.05,0.00,
SDN_500_14S_E_022,0.00,39.48,0.00,
SDN_500_14S_E_023,0.00,43.49,0.00,
SDN_500_14S_E_024,0.00,43.93,0.00,
SDN_500_14S_E_025,0.00,36.20,0.00,
SDN_500_14S_E_026,0.00,35.93,0.00,
SDN_500_14S_E_027,0.00,36.50,0.00,
SDN_500_14S_E_028,0.00,39.14,0.00,
SDN_500_14S_E_029,0.00,35.73,0.00,
SDN_500_14S_E_030,0.00,33.33,0.00,
SDN_500_14S_E_031,0.00,34.14,0.00,
SDN_500_14S_E_032,0.00,37.68,0.00,
SDN_500_14S_E_033,0.00,36.80,0.00,
SDN_500_14S_E_034,0.00,39.83,0.00,
SDN_500_14S_E_035,0.00,41.91,0.00,
SDN_500_14S_E_036,0.00,42.30,0.00,
SDN_500_14S_E_037,0.00,38.90,0.00,
SDN_500_14S_E_038,0.00,41.34,0.00,
SDN_500_14S_E_039,0.00,41.38,0.00,
SDN_500_14S_E_040,0.00,40.07,0.00,
515_SDN_79S_E_001,0.00,340.13,0.00,
515_SDN_79S_E_002,0.00,341.72,0.00,
515_SDN_79S_E_003,0.00,344.34,0.00,
SDN_515_80S_E_001,0.00,34.70,0.00,
SDN_515_80S_E_002,0.00,41.14,0.00,
SDN_515_80S_E_003,0.00,43.09,0.00,
SDN_515_80S_E_004,0.00,41.52,0.00,
SDN_515_80S_E_005,0.00,41.84,0.00,
SDN_515_80S_E_012,0.00,55.09,0.00,
SDN_515_80S_E_013,0.00,56.74,0.00,
SDN_515_80S_E_014,0.00,58.13,0.00,
SDN_515_80S_E_015,0.00,59.91,0.00,
SDN_515_80S_E_016,0.00,62.35,0.00,
SDN_515_80S_E_017,0.00,62.80,0.00,
SDN_515_80S_E_018,0.00,48.06,0.00,
SDN_515_80S_E_019,0.00,46.31,0.00,
SDN_515_80S_E_020,0.00,46.31,0.00,
SDN_515_80S_E_022,0.00,39.17,0.00,
SDN_515_80S_E_023,0.00,40.90,0.00,
SDN_515_80S_E_024,0.00,38.20,0.00,
SDN_515_80S_E_025,0.00,39.25,0.00,
SDN_515_80S_E_026,0.00,35.01,0.00,
SDN_515_80S_E_028,0.00,62.88,0.00,
SDN_515_80S_E_029,0.00,48.43,0.00,
SDN_515_80S_E_030,0.00,39.38,0.00,
SDN_515_80S_E_031,0.00,44.45,0.00,
SDN_515_80S_E_032,0.00,36.61,0.00,
SDN_515_80S_E_033,0.00,39.21,0.00,
SDN_515_80S_E_034,0.00,37.95,0.00,
SDN_515_80S_E_035,0.00,32.57,0.00,
SDN_515_80S_E_037,0.00,39.14,0.00,
SDN_515_80S_E_038,0.00,38.92,0.00,
SDN_515_80S_E_039,0.00,33.80,0.00,
SDN_515_80S_W_006,0.00,5.96,0.00,
SDN_515_80S_W_007,0.00,357.26,0.00,
SDN_515_80S_W_008,0.00,354.06,0.00,
SDN_515_80S_W_009,0.00,353.42,0.00,
SDN_515_80S_W_012,0.00,358.76,0.00,
SDN_515_80S_W_014,0.00,18.30,0.00,
SDN_515_90S_E_001,0.00,23.49,0.00,
SDN_515_90S_E_012,0.00,30.26,0.00,
515_SDN_117S_E_001,0.00,69.41,0.00,
515_SDN_117S_E_002,0.00,81.23,0.00,
515_SDN_117S_E_003,0.00,31.80,0.00,
515_SDN_117S_E_004,0.00,36.65,0.00,
515_SDN_117S_E_005,0.00,34.77,0.00,
515_SDN_117S_E_006,0.00,35.05,0.00,
515_SDN_117S_E_007,0.00,33.15,0.00,
515_SDN_117S_E_008,0.00,37.54,0.00,
515_SDN_117S_E_009,0.00,40.03,0.00,
515_SDN_117S_E_010,0.00,43.47,0.00,
515_SDN_117S_E_011,0.00,41.50,0.00,
515_SDN_117S_E_012,0.00,39.68,0.00,
515_SDN_117S_E_013,0.00,29.38,0.00,
515_SDN_117S_E_014,0.00,28.18,0.00,
515_SDN_117S_E_015,0.00,30.90,0.00,
515_SDN_117S_E_016,0.00,31.56,0.00,
515_SDN_117S_E_017,0.00,34.72,0.00,
515_SDN_117S_E_018,0.00,32.58,0.00,
515_SDN_117S_E_019,0.00,25.56,0.00,
515_SDN_117S_E_020,0.00,6.64,0.00,
515_SDN_117S_W_001,0.00,80.99,0.00,
515_SDN_117S_W_003,0.00,74.49,0.00,
515_SDN_117S_W_004,0.00,19.25,0.00,
515_SDN_117S_W_005,0.00,23.53,0.00,
515_SDN_117S_W_006,0.00,22.40,0.00,
515_SDN_117S_W_007,0.00,36.41,0.00,
515_SDN_117S_W_008,0.00,42.51,0.00,
515_SDN_117S_W_009,0.00,41.60,0.00,
515_SDN_117S_W_010,0.00,40.70,0.00,
515_SDN_117S_W_012,0.00,41.69,0.00,
SDN_515_MV_77S_W_001,0.00,1.27,0.00,
SDN_515_MV_77S_W_002,0.00,359.39,0.00,
SDN_515_MV_77S_W_003,0.00,357.06,0.00,
SDN_515_MV_77S_W_004,0.00,1.21,0.00,
SDN_515_MV_77S_W_005,0.00,4.44,0.00,
SDN_515_MV_77S_W_006,0.00,10.11,0.00,
SDN_515_MV_77S_W_007,0.00,11.41,0.00,
SDN_515_MV_77S_W_008,0.00,36.35,0.00,
SDN_515_MV_77S_W_009,0.00,36.47,0.00,
SDN_515_MV_77S_W_010,0.00,42.59,0.00,
SDN_515_MV_77S_W_011,0.00,45.69,0.00,
SDN_515_MV_77S_W_012,0.00,46.03,0.00,
SDN_515_MV_77S_W_013,0.00,45.77,0.00,
SDN_515_MV_77S_W_015,0.00,45.59,0.00,
SDN_515_MV_77S_W_016,0.00,48.06,0.00,
SDN_515_MV_77S_W_017,0.00,46.39,0.00,
SDN_515_MV_77S_W_018,0.00,45.59,0.00,
SDN_MV_530_130S_E_061,0.00,10.97,0.00,
SDN_MV_530_130S_E_062,0.00,9.47,0.00,
SDN_MV_530_130S_E_063,0.00,26.47,0.00,
SDN_MV_530_130S_E_064,0.00,27.10,0.00,
SDN_MV_530_130S_E_065,0.00,28.58,0.00,
SDN_MV_530_130S_E_066,0.00,39.29,0.00,
SDN_MV_530_130S_E_067,0.00,38.28,0.00,
SDN_MV_530_130S_E_068,0.00,22.86,0.00,
SDN_MV_530_130S_E_069,0.00,24.09,0.00,
SDN_MV_530_130S_E_070,0.00,11.38,0.00,
SDN_MV_530_130S_E_071,0.00,10.67,0.00,
SDN_MV_530_130S_E_072,0.00,18.23,0.00,
SDN_MV_530_130S_E_073,0.00,24.29,0.00,
SDN_MV_530_130S_E_074,0.00,8.96,0.00,
SDN_MV_530_130S_E_075,0.00,14.91,0.00,
SDN_MV_530_130S_E_076,0.00,16.52,0.00,
SDN_MV_530_130S_E_077,0.00,22.02,0.00,
SDN_MV_530_130S_E_078,0.00,22.13,0.00,
SDN_MV_530_130S_E_079,0.00,24.04,0.00,
SDN_MV_530_130S_E_080,0.00,28.50,0.00,
SDN_MV_530_130S_E_083,0.00,34.90,0.00,
SDN_MV_530_130S_E_084,0.00,25.41,0.00,
SDN2_515_130E_E_013,0.00,359.71,0.00,
SDN2_515_130E_E_033,0.00,2.05,0.00,
SDN2_515_130E_E_034,0.00,1.83,0.00,
SDN2_515_130E_E_036,0.00,348.46,0.00,
SDN2_515_130E_E_037,0.00,10.79,0.00,
SDN2_515_130E_W_001,0.00,12.43,0.00,
SDN2_515_130E_W_002,0.00,11.69,0.00,
SDN2_515_130E_W_003,0.00,7.94,0.00,
SDN2_515_130E_W_004,0.00,1.01,0.00,
SDN2_515_130E_W_005,0.00,352.91,0.00,
SDN2_515_130E_W_006,0.00,355.70,0.00,
SDN2_515_130E_W_007,0.00,353.13,0.00,
SDN2_515_130E_W_008,0.00,352.25,0.00,
SDN2_515_130E_W_009,0.00,352.28,0.00,
SDN2_515_130E_W_010,0.00,353.88,0.00,
SDN2_515_130E_W_011,0.00,351.39,0.00,
SDN2_515_130E_W_012,0.00,357.53,0.00,
SDN2_515_130E_W_013,0.00,359.64,0.00,
SDN2_515_130E_W_014,0.00,357.12,0.00,
SDN2_515_130E_W_015,0.00,358.29,0.00,
SDN2_515_130E_W_016,0.00,357.40,0.00,
SDN2_515_130E_W_017,0.00,358.69,0.00,
SDN2_515_130E_W_018,0.00,0.00,0.00,
SDN2_515_130E_W_019,0.00,0.00,0.00,
SDN2_515_130E_W_021,0.00,357.45,0.00,
SDN2_515_130E_W_022,0.00,0.00,0.00,
SDN2_515_130E_W_023,0.00,358.57,0.00,
SDN2_515_130E_W_024,0.00,359.54,0.00,
SDN2_515_130E_W_025,0.00,0.58,0.00,
SDN2_515_130E_W_026,0.00,358.02,0.00,
SDN2_515_130E_W_027,0.00,351.28,0.00,
SDN2_515_130E_W_028,0.00,350.33,0.00,
SDN2_530_132S_W_060,0.00,14.39,0.00,
SDN2_530_132S_W_061,0.00,4.33,0.00,
SDN2_530_132S_W_062,0.00,5.72,0.00,
SDN2_530_132S_W_063,0.00,5.72,0.00,
SDN2_530_132S_W_064,0.00,6.57,0.00,
SDN2_530_132S_W_065,0.00,9.94,0.00,
SDN2_530_132S_W_066,0.00,8.37,0.00,
SDN2_530_132S_W_067,0.00,14.15,0.00,
SDN2_530_132S_W_068,0.00,17.72,0.00,
SDN2_530_132S_W_069,0.00,13.38,0.00,
SDN2_530_132S_W_070,0.00,11.48,0.00,
SDN2_530_132S_W_071,0.00,14.16,0.00,
SDN2_530_132S_W_072,0.00,8.66,0.00,
SDN2_530_132S_W_073,0.00,11.95,0.00,
SDN2_530_132S_W_074,0.00,14.33,0.00,
SDN2_530_132S_W_075,0.00,4.09,0.00,
SDN2_530_132S_W_076,0.00,6.10,0.00,
SDN2_530_132S_W_077,0.00,1.41,0.00,
SDN2_530_132S_W_078,0.00,0.00,0.00,
SDN2_530_132S_W_079,0.00,7.42,0.00,
SDN2_530_132S_W_080,0.00,13.68,0.00,
SDN2_530_132S_W_081,0.00,18.45,0.00,
SDN2_530_132S_W_082,0.00,28.28,0.00,
SDN2_530_132S_W_083,0.00,19.30,0.00,
SDN2_530_132S_W_084,0.00,15.56,0.00,
SDN2_530_132S_W_085,0.00,9.77,0.00,
SDN2_530_132S_W_086,0.00,10.72,0.00,
SDN2_530_132S_W_087,0.00,12.03,0.00,
SDN2_530_132S_W_088,0.00,20.82,0.00,
SDN2_530_132S_W_089,0.00,21.02,0.00,
SDN2_530_132S_W_090,0.00,13.58,0.00,
SDN2_530_132S_W_091,0.00,12.48,0.00,
SDN2_530_132S_W_092,0.00,22.52,0.00,
SDN2_530_132S_W_093,0.00,16.16,0.00,
SDN2_530_132S_W_094,0.00,10.67,0.00,
SDN2_530_132S_W_095,0.00,1.23,0.00,
SDN2_530_132S_W_096,0.00,8.39,0.00,
SDN2_530_132S_W_097,0.00,8.14,0.00,
SDN2_530_132S_W_098,0.00,8.87,0.00,
SDN2_530_132S_W_099,0.00,5.81,0.00,
SDN2_530_132S_W_100,0.00,8.89,0.00,
SDN2_530_132S_W_101,0.00,8.02,0.00,
SDN2_530_132S_W_102,0.00,5.91,0.00,
SDN2_530_132S_W_103,0.00,12.71,0.00,
SDN2_530_132S_W_104,0.00,14.51,0.00,
SDN2_530_132S_W_105,0.00,18.07,0.00,
SDN2_530_132S_W_106,0.00,23.92,0.00,
SDN2_530_132S_W_107,0.00,25.07,0.00,
SDN2_530_132S_W_108,0.00,25.73,0.00,
SDN2_530_132S_W_109,0.00,12.90,0.00,
SDN2_530_132S_W_110,0.00,11.06,0.00,
SDN2_530_132S_W_111,0.00,1.86,0.00,
SDN2_530_132S_W_112,0.00,1.69,0.00,
SDN2_530_132S_W_113,0.00,359.30,0.00,
SDN2_530_132S_W_114,0.00,356.42,0.00,
SDN2_530_132S_W_115,0.00,356.86,0.00,
SDN2_560_90E_W_075,0.00,6.12,0.00,
SDN2_560_90E_W_076,0.00,359.50,0.00,
SDN2_560_90E_W_077,0.00,351.30,0.00,
SDN2_560_90E_W_078,0.00,350.98,0.00,
SDN2_560_90E_W_079,0.00,4.45,0.00,
SDN2_560_90E_W_080,0.00,5.39,0.00,
SDN2_560_90E_W_081,0.00,9.70,0.00,
SDN2_560_90E_W_082,0.00,11.41,0.00,
SDN2_560_90E_W_083,0.00,12.27,0.00,
SDN2_560_90E_W_084,0.00,18.45,0.00,
SDN2_560_90E_W_085,0.00,16.92,0.00,
SDN2_560_90E_W_086,0.00,18.45,0.00,
SDN2_560_90E_W_087,0.00,18.31,0.00,
SDN2_560_90E_W_088,0.00,22.28,0.00,
SDN2_560_90E_W_089,0.00,10.12,0.00,
SDN2_560_90E_W_090,0.00,11.76,0.00,
SDN2_560_90E_W_091,0.00,15.41,0.00,
SDN2_560_90E_W_092,0.00,348.93,0.00,
SDN2_560_90E_W_093,0.00,347.78,0.00,
SDN2_560_90E_W_094,0.00,347.36,0.00,
SDN2_620_83E_W_001,0.00,14.65,0.00,
SDN2_620_83E_W_002,0.00,12.21,0.00,
SDN2_620_83E_W_003,0.00,11.49,0.00,
SDN2_620_83E_W_004,0.00,7.36,0.00,
SDN2_620_83E_W_005,0.00,348.83,0.00,
SDN2_620_83E_W_006,0.00,336.55,0.00,
SDN2_620_83E_W_007,0.00,331.20,0.00,
SDN2S_545_123E_W_001,0.00,24.04,0.00,
SDN2S_545_123E_W_002,0.00,24.90,0.00,
SDN2S_545_124E_E_001,0.00,34.40,0.00,
SDN2S_545_124E_E_002,0.00,28.83,0.00,
SDN2S_545_124E_E_003,0.00,23.86,0.00,
SDN2_SPLIT_560_123E_E_023,0.00,18.21,0.00,
SDN2_SPLIT_560_123E_E_024,0.00,18.25,0.00,
SDN2_SPLIT_560_123E_E_025,0.00,16.21,0.00,
SDN2_SPLIT_560_123E_E_026,0.00,19.29,0.00,
SDN2_SPLIT_560_123E_E_027,0.00,17.09,0.00,
SDN2_SPLIT_560_123E_E_028,0.00,14.29,0.00,
SDN2_SPLIT_560_123E_E_031,0.00,11.90,0.00,
SDN2_SPLIT_560_123E_E_032,0.00,10.18,0.00,
SDN2_SPLIT_560_123E_E_033,0.00,16.54,0.00,
SDN2_SPLIT_560_123E_E_034,0.00,30.90,0.00,
SDN2_SPLIT_560_123E_E_035,0.00,25.50,0.00,
SDN2_SPLIT_560_123E_E_037,0.00,23.39,0.00,
SDN2_SPLIT_560_123E_E_038,0.00,20.07,0.00,
SDN2S_575_117E_E_011,0.00,26.16,0.00,
SDN2S_575_117E_E_012,0.00,24.71,0.00,
SDN3_560_124S_W_001,0.00,41.55,0.00,
SDN3_560_124S_W_002,0.00,38.95,0.00,
SDN3_560_124S_W_003,0.00,43.17,0.00,
SDN3_560_124S_W_004,0.00,43.40,0.00,
SDN3_560_124S_W_005,0.00,45.00,0.00,
SDN3_560_124S_W_006,0.00,39.48,0.00,
SDN3_560_124S_W_007,0.00,25.98,0.00,
SDN3_560_124S_W_008,0.00,18.92,0.00,
SDN3_560_124S_W_009,0.00,4.91,0.00,
SDN3_560_124S_W_010,0.00,0.83,0.00,
SDN4_605_121E_W_001,0.00,354.69,0.00,
SDN4_605_121E_W_002,0.00,335.17,0.00,
SDN4_605_121E_W_003,0.00,357.03,0.00,
SDN4_605_141E_W_043,0.00,341.55,0.00,
SDN4_605_141E_W_044,0.00,340.04,0.00,
SDN4_635_151E_E_003,0.00,334.69,0.00,
SDN4_635_151E_E_004,0.00,3.18,0.00,
SDN4_635_151E_E_005,0.00,9.61,0.00,
SDN4_635_151E_E_006,0.00,25.25,0.00,
SDN4_635_151E_E_007,0.00,24.60,0.00,
SDN4_635_151E_E_009,0.00,23.85,0.00,
SDN4_635_151E_E_010,0.00,32.49,0.00,
SDN4_635_151E_E_011,0.00,34.23,0.00,
SDN4_635_151E_E_012,0.00,32.74,0.00,
SDN4_635_151E_E_013,0.00,33.79,0.00,
SDN4_635_151E_E_014,0.00,33.64,0.00,
SDN4_635_151E_E_015,0.00,37.69,0.00,
SDN4_635_151E_E_016,0.00,35.84,0.00,
SDN4_635_151E_E_017,0.00,33.80,0.00,
SDN4_635_151E_W_007,0.00,349.82,0.00,
SDN4_635_151E_W_008,0.00,347.82,0.00,
SDN4_635_151E_W_009,0.00,347.00,0.00,
SDN4_635_151E_W_010,0.00,352.48,0.00,
SDN4_635_151E_W_013,0.00,333.55,0.00,
SDN4_635_151E_W_022,0.00,341.78,0.00,
SDN4_635_151E_W_030,0.00,334.43,0.00,
SDN4_635_151E_W_031,0.00,337.77,0.00,
SDN4_635_151E_W_032,0.00,334.78,0.00,
SDN4_635_151E_W_033,0.00,337.36,0.00,
SDN4_635_151E_W_034,0.00,337.84,0.00,
SDN4_635_151E_W_035,0.00,339.19,0.00,
SDN4_635_151E_W_036,0.00,339.51,0.00,
SDN4_635_151E_W_037,0.00,337.51,0.00,
SDN4_635_151E_W_038,0.00,339.34,0.00,
SDN4_635_151E_W_039,0.00,337.66,0.00,
SDN4_635_151E_W_040,0.00,339.90,0.00,
SDN4_635_151E_W_041,0.00,339.97,0.00,
SDN4_635_151E_W_042,0.00,338.80,0.00,
SDN4_635_151E_W_043,0.00,332.83,0.00,
SDN4_635_151E_W_045,0.00,336.74,0.00,
SDN4_635_151E_W_046,0.00,335.19,0.00,
SDN4_635_151E_W_047,0.00,349.23,0.00,
SDN4_635_151E_W_048,0.00,341.30,0.00,
SDN4_635_151E_W_049,0.00,339.70,0.00,
SDN4_635_151E_W_050,0.00,336.06,0.00,
SDN4_635_151E_W_051,0.00,337.52,0.00,
SDN4_635_151E_W_052,0.00,338.78,0.00,
SDN4_635_151E_W_053,0.00,338.18,0.00,
SDN4S_605_124E_W_002,0.00,352.57,0.00,
SDN4S_605_124E_W_003,0.00,349.97,0.00,
SDN4S_605_124E_W_004,0.00,343.75,0.00,
SDN4S_605_124E_W_005,0.00,350.82,0.00,
SDN4S_605_124E_W_006,0.00,353.63,0.00,
SDN4S_605_124E_W_007,0.00,355.85,0.00,
SDN4S_605_124E_W_018,0.00,26.58,0.00,
SDN4S_605_124E_W_019,0.00,24.26,0.00,
SDN4S_605_124E_W_020,0.00,25.22,0.00,
SDN4S_605_124E_W_022,0.00,31.44,0.00,
SDN4S_605_124E_W_023,0.00,2.33,0.00,
SDN4S_605_124E_W_024,0.00,353.40,0.00,
SDN4S_605_124E_W_025,0.00,354.52,0.00,
SDN4S_605_124E_W_026,0.00,8.30,0.00,
SDN4S_605_124E_W_027,0.00,8.71,0.00,
SDN4S_605_124E_W_028,0.00,1.37,0.00,
SDN4S_605_124E_W_029,0.00,0.00,0.00,
SDNS_485_59S_E_002,0.00,35.70,0.00,
SDNS_500_11S_E_002,0.00,1.37,0.00,
SDNS_500_11S_E_003,0.00,1.43,0.00,
SDNS_500_11S_E_004,0.00,1.03,0.00,
SDNS_500_11S_E_005,0.00,1.03,0.00,
SDNS_500_11S_E_006,0.00,0.89,0.00,
SDNS_500_11S_E_007,0.00,2.60,0.00,
SDNS_500_11S_E_008,0.00,2.86,0.00,
SDNS_515_72S_E_001,0.00,352.67,0.00,
SDNS_515_72S_E_002,0.00,354.38,0.00,
SDNS_515_72S_E_003,0.00,1.43,0.00,
SDNS_515_72S_E_004,0.00,5.58,0.00,
SDNS_515_72S_E_005,0.00,8.61,0.00,
SDNS_515_72S_E_006,0.00,3.49,0.00,
SDNS_515_72S_E_007,0.00,13.85,0.00,
SDNS_515_72S_E_008,0.00,15.96,0.00,
SDNS_515_72S_W_001,0.00,1.01,0.00,
SDNS_515_72S_W_002,0.00,4.77,0.00,
SDNS_515_72S_W_003,0.00,2.64,0.00,
SDNS_515_72S_W_004,0.00,4.47,0.00,
SDNS_515_72S_W_005,0.00,3.88,0.00,
SDNS_515_72S_W_006,0.00,3.78,0.00,
SDNS_515_72S_W_007,0.00,5.50,0.00,
SDNS_515_72S_W_008,0.00,4.24,0.00,
SDNS_515_74S_W_008,0.00,16.74,0.00,
SDNS_515_74S_W_009,0.00,14.04,0.00,
SDNS_515_74S_W_010,0.00,12.84,0.00,
SDNS_515_74S_W_014,0.00,27.80,0.00,
SDNS_515_74S_W_015,0.00,27.37,0.00,
SDNS_515_74S_W_016,0.00,26.94,0.00,
SDNS_515_74S_W_017,0.00,26.95,0.00,
SDNS_515_74S_W_018,0.00,27.92,0.00,
SDNS_515_74S_W_019,0.00,29.96,0.00,
SDNS_515_74S_W_020,0.00,32.93,0.00,
SDNS_515_74S_W_021,0.00,17.21,0.00,
SDNS_515_74S_W_022,0.00,22.32,0.00,
SDNS_515_90S_E_002,0.00,28.39,0.00,
SDNS_515_90S_E_003,0.00,35.16,0.00,
SDNS_515_90S_E_004,0.00,44.01,0.00,
SDNS_515_90S_E_005,0.00,45.84,0.00,
SDNS_515_90S_E_006,0.00,45.80,0.00,
SDNS_515_90S_E_007,0.00,48.32,0.00,
SDNS_515_90S_E_008,0.00,40.20,0.00,
SDNS_515_90S_E_009,0.00,43.39,0.00,
SDNS_515_90S_E_010,0.00,37.07,0.00,
SDNS_515_90S_E_011,0.00,33.34,0.00,
SDNS_515_90S_E_012,0.00,30.26,0.00,
SDNS_515_90S_E_013,0.00,28.93,0.00,
SDNS_515_90S_E_014,0.00,25.44,0.00,
SDNS_515_90S_E_015,0.00,27.08,0.00,
SDNS_515_90S_E_016,0.00,24.46,0.00,
SDNS_515_90S_E_017,0.00,25.19,0.00,
SDNS_515_90S_E_018,0.00,25.96,0.00,
SDNS_515_90S_E_019,0.00,24.67,0.00,
SDNS_515_90S_E_020,0.00,24.22,0.00,
SDNS_515_114S_W_001,0.00,66.70,0.00,
SDNS_515_114S_W_002,0.00,65.92,0.00,
SDNS_515_114S_W_003,0.00,65.55,0.00,
SDNS_515_114S_W_004,0.00,82.73,0.00,
SDNS_515_114S_W_005,0.00,86.37,0.00,
SDNS_515_114S_W_006,0.00,78.87,0.00,
SDNS_515_116S_E_001,0.00,42.21,0.00,
SDNS_515_116S_E_002,0.00,27.25,0.00,
SDNS_515_116S_E_003,0.00,23.71,0.00,
SDNS_515_116S_E_004,0.00,33.31,0.00,
SDNS_515_116S_E_005,0.00,38.43,0.00,
SDNS_515_116S_E_006,0.00,43.64,0.00,
SDNS_515_116S_E_007,0.00,33.13,0.00,
SDNS_515_116S_E_008,0.00,30.11,0.00,
SDNS_515_116S_E_009,0.00,28.86,0.00,
SDNS_515_116S_E_010,0.00,32.54,0.00,
SDNS_515_116S_E_011,0.00,38.89,0.00,
SDNS_515_116S_E_012,0.00,41.21,0.00,
SDNS_515_116S_E_013,0.00,43.73,0.00,
SDNS_515_116S_E_014,0.00,43.41,0.00,
SDNS_515_116S_E_015,0.00,40.50,0.00,
SDNS_515_116S_E_016,0.00,31.71,0.00,
SDNS_515_116S_E_017,0.00,36.43,0.00,
SDNS_515_116S_E_018,0.00,37.03,0.00,
515_SDNS_117S_W_001,0.00,12.33,0.00,
515_SDNS_117S_W_002,0.00,15.63,0.00,
515_SDNS_118S_E_004,0.00,38.08,0.00,
515_SDNS_118S_E_005,0.00,36.20,0.00,
515_SDNS_118S_E_006,0.00,35.56,0.00,
515_SDNS_118S_E_007,0.00,23.41,0.00,
515_SDNS_118S_E_009,0.00,20.72,0.00,
515_SDNS_118S_E_010,0.00,28.32,0.00,
515_SDNS_118S_E_011,0.00,41.66,0.00,
515_SDNS_118S_E_013,0.00,39.10,0.00,
SDNS_530_72S_W_004,0.00,351.27,0.00,
SDNS_530_72S_W_005,0.00,350.09,0.00,
SDNS_530_143S_E_011,0.00,35.23,0.00,
SDNS_530_143S_E_013,0.00,53.61,0.00,
SDNS_530_143S_E_014,0.00,57.68,0.00,
SDNS_560_115S_E_001,0.00,23.26,0.00,
SDNS_560_115S_E_002,0.00,22.76,0.00,
SDNS_560_115S_E_003,0.00,22.40,0.00,
590_SDNS_106S_ODE_001,0.00,48.86,0.00,
590_SDNS_106S_ODE_002,0.00,32.89,0.00,
590_SDNS_106S_ODE_003,0.00,29.36,0.00,
590_SDNS_106S_ODW_001,0.00,351.57,0.00,
590_SDNS_106S_ODW_002,0.00,353.70,0.00,
590_SDNS_106S_ODW_003,0.00,351.00,0.00,
590_SDNS_106S_ODW_004,0.00,347.83,0.00,
590_SDNS_106S_ODW_005,0.00,332.55,0.00,
590_SDNS_106S_ODW_006,0.00,331.12,0.00,
590_SDNS_106S_ODW_007,0.00,329.79,0.00,
590_SDNS_106S_ODW_008,0.00,1.54,0.00,
590_SDNS_106S_ODW_009,0.00,359.10,0.00,
590_SDNS_106S_ODW_010,0.00,348.33,0.00,
590_SDNS_106S_ODW_011,0.00,341.02,0.00,
590_SDNS_106S_ODW_012,0.00,338.06,0.00,
SDY_650_112S_SPLIT_E_001,0.00,38.39,0.00,
SDY_650_112S_SPLIT_E_002,0.00,37.25,0.00,
SDY_650_112S_SPLIT_E_003,0.00,40.55,0.00,
SDY_650_112S_SPLIT_E_004,0.00,46.39,0.00,
SDY_650_112S_SPLIT_E_005,0.00,31.43,0.00,
SDY_650_112S_SPLIT_E_006,0.00,27.05,0.00,
SDY_650_112S_SPLIT_E_007,0.00,27.06,0.00,
SDY_650_112S_SPLIT_E_008,0.00,24.37,0.00,
SDY_650_112S_SPLIT_E_009,0.00,20.18,0.00,
SDY_650_112S_SPLIT_E_010,0.00,7.96,0.00,
SDY_650_112S_SPLIT_E_011,0.00,5.20,0.00,
SDY_650_112S_SPLIT_E_012,0.00,1.62,0.00,
SDY_650_112S_SPLIT_E_013,0.00,0.69,0.00,
SDY_650_112S_SPLIT_E_014,0.00,0.00,0.00,
SDY_650_112S_SPLIT_E_015,0.00,358.91,0.00,
SDY_650_112S_SPLIT_E_016,0.00,359.79,0.00,
SDY_650_112S_SPLIT_E_017,0.00,4.59,0.00,
SDY_650_112S_SPLIT_E_018,0.00,13.09,0.00,
SDY_650_112S_SPLIT_E_019,0.00,11.93,0.00,
SDY_650_112S_SPLIT_E_020,0.00,8.73,0.00,
SDY_650_112S_SPLIT_E_021,0.00,4.35,0.00,
SDY_650_113S_FWS_W_001,0.00,6.25,0.00,
SDY_650_113S_FWS_W_002,0.00,5.17,0.00,
SDY_650_113S_FWS_W_003,0.00,4.85,0.00,
SDY_650_113S_FWS_W_004,0.00,4.38,0.00,
SDY_650_113S_FWS_W_005,0.00,7.78,0.00,
SDY_650_113S_FWS_W_006,0.00,15.34,0.00,
SDY_650_113S_FWS_W_007,0.00,18.90,0.00,
SDY_650_113S_SPLIT_E_001,0.00,24.34,0.00,
SDY_650_113S_SPLIT_E_002,0.00,22.59,0.00,
SDY_650_113S_SPLIT_E_003,0.00,23.36,0.00,
SDY_650_113S_SPLIT_E_008,0.00,357.65,0.00,
SDY_650_113S_SPLIT_E_010,0.00,357.13,0.00,
SDY_650_114S_SPLIT_E_001,0.00,55.28,0.00,
SDY_650_114S_SPLIT_E_002,0.00,59.43,0.00,
SDY_650_114S_SPLIT_E_003,0.00,57.21,0.00,
SDY_650_114S_SPLIT_E_004,0.00,58.79,0.00,
SDY_650_114S_SPLIT_E_005,0.00,60.70,0.00,
SDY_650_114S_SPLIT_E_006,0.00,64.70,0.00,
SDY_650_117S_SPLIT_E_001,0.00,56.59,0.00,
SDY_650_117S_SPLIT_E_002,0.00,62.75,0.00,
SDY_650_117S_SPLIT_E_003,0.00,55.77,0.00,
SDY_650_117S_SPLIT_E_004,0.00,47.69,0.00,
SDY_650_117S_SPLIT_E_005,0.00,48.73,0.00,
SDY_650_117S_SPLIT_E_006,0.00,44.39,0.00,
SDY_650_117S_SPLIT_E_007,0.00,46.07,0.00,
SDY_650_117S_SPLIT_E_008,0.00,47.43,0.00,
SDY_650_117S_SPLIT_E_009,0.00,57.47,0.00,
BHWS_496_39S_W_006,0.00,51.52,0.00,
BHWS_496_39S_W_007,0.00,47.41,0.00,
BHWS_496_39S_W_009,0.00,29.01,0.00,
BHWS_496_39S_W_010,0.00,26.96,0.00,
BHWS_496_39S_W_011,0.00,36.16,0.00,
BHWS_496_39S_W_012,0.00,44.65,0.00,
BHWS_496_39S_W_013,0.00,57.88,0.00,
BHWS_496_39S_W_014,0.00,65.29,0.00,
BHWS_496_39S_W_015,0.00,58.79,0.00,
BHWS_496_39S_W_016,0.00,55.33,0.00,
BHWS_496_39S_W_017,0.00,55.26,0.00,
BHWS_500_26S_E_015,0.00,67.54,0.00,
BHWS_500_26S_E_016,0.00,75.49,0.00,
BHWS_500_26S_E_017,0.00,84.60,0.00,
BHWS_500_26S_E_018,0.00,89.59,0.00,
BHWS_500_26S_E_019,0.00,93.39,0.00,
MAIS_605_143E_W_008,0.00,350.47,0.00,
MAIS_605_143E_W_009,0.00,351.14,0.00,
MAIS_605_143E_W_010,0.00,351.21,0.00,
MAIS_605_143E_E_005,0.00,10.00,0.00,
MAIS_605_143E_E_008,0.00,10.00,0.00,
MAIS_605_143E_E_009,0.00,10.00,0.00,
MAIS_605_143E_E_010,0.00,10.00,0.00,
BBK_496_16S_W_007,0.00,10.86,0.00,
MAS_496_41S_W_013,0.00,39.20,0.00,
MAS_496_41S_W_014,0.00,38.68,0.00,
MAS_496_41S_W_018,0.00,51.91,0.00,
MAS_496_41S_W_042,0.00,45.22,0.00,
MAS_496_41S_W_043,0.00,46.30,0.00,
MAS_496_41S_W_044,0.00,48.81,0.00,
MAS_496_41S_W_045,0.00,46.56,0.00,
MAS_496_41S_W_046,0.00,43.10,0.00,
MAS_HWS_500_W_8S_006,0.00,76.28,0.00,
MAS_HWS_500_W_8S_007,0.00,87.63,0.00,
MAS_HWS_500_W_8S_008,0.00,86.92,0.00,
MAS_HWS_500_W_8S_009,0.00,73.14,0.00,
MAS_HWS_500_W_8S_010,0.00,60.09,0.00,
MAS_HWS_500_W_8S_011,0.00,57.29,0.00,
MAS_HWS_500_W_8S_012,0.00,58.53,0.00,
MAS_HWS_500_W_8S_013,0.00,60.72,0.00,
MAS_HWS_500_W_8S_014,0.00,57.00,0.00,
MAS_HWS_500_10S_W_001,0.00,45.48,0.00,
MAS_HWS_500_10S_W_002,0.00,47.43,0.00,
MAS_HWS_500_10S_W_011,0.00,45.02,0.00,
MAS_HWS_500_10S_W_015,0.00,36.19,0.00,
MAS_HWS_500_10S_W_016,0.00,42.51,0.00,
MAS_HWS_500_10S_W_017,0.00,41.34,0.00,
MAS_HWS_500_10S_W_018,0.00,44.81,0.00,
MAS_HWS_500_10S_W_019,0.00,46.00,0.00,
MAS_HWS_500_10S_W_022,0.00,54.25,0.00,
MAS_HWS_500_10S_W_023,0.00,59.41,0.00,
MAS_HWS_500_10S_W_024,0.00,64.49,0.00,
MST2_MV_455_E_012,0.00,22.53,0.00,
MST2_MV_455_E_018,0.00,352.64,0.00,
MST2_MV_455_E_019,0.00,359.56,0.00,
MST2_MV_485_W_048,0.00,30.25,0.00,
485_SDN_60S_W_010,0.00,43.96,0.00,
485_SDN_60S_W_015,0.00,31.46,0.00,
485_SDN_60S_W_016,0.00,33.08,0.00,
485_SDN_E_002,0.00,37.00,0.00,
485_SDN_E_003,0.00,38.00,0.00,
485_SDN_E_005,0.00,39.00,0.00,
485_SDN_E_006,0.00,38.00,0.00,
485_SDN_E_009,0.00,32.00,0.00,
485_SDN_E_010,0.00,32.00,0.00,
SDN_500_13S_W_001,0.00,24.59,0.00,
SDN_500_13S_W_005,0.00,51.83,0.00,
SDN_500_13S_W_006,0.00,53.74,0.00,
SDN_500_13S_W_007,0.00,45.22,0.00,
SDN_500_13S_W_008,0.00,48.60,0.00,
SDN_500_13S_W_009,0.00,55.86,0.00,
SDN_500_13S_W_020,0.00,72.81,0.00,
SDN_500_13S_W_021,0.00,74.57,0.00,
SDN_500_13S_W_022,0.00,55.55,0.00,
SDN_500_13S_W_023,0.00,32.55,0.00,
SDN_500_13S_W_024,0.00,23.67,0.00,
SDN_500_13S_W_025,0.00,22.11,0.00,
SDN_500_13S_W_027,0.00,36.67,0.00,
SDN_500_13S_W_028,0.00,40.88,0.00,
SDN_500_13S_W_029,0.00,39.63,0.00,
SDN_500_13S_W_030,0.00,39.17,0.00,
SDN_500_13S_W_031,0.00,40.62,0.00,
SDN_500_13S_W_032,0.00,37.90,0.00,
SDN_500_13S_W_033,0.00,46.30,0.00,
SDN_500_13S_W_034,0.00,49.17,0.00,
SDN_500_13S_W_035,0.00,84.56,0.00,
SDN_500_13S_W_036,0.00,38.68,0.00,
SDN_500_13S_W_037,0.00,46.33,0.00,
SDN_500_13S_W_038,0.00,52.10,0.00,
SDN_500_13S_W_039,0.00,47.69,0.00,
SDN_500_13S_W_040,0.00,45.02,0.00,
SDN_500_13S_W_041,0.00,28.21,0.00,
SDN_500_13S_W_042,0.00,33.20,0.00,
SDN_500_13S_W_043,0.00,35.07,0.00,
SDN_500_13S_W_044,0.00,36.02,0.00,
SDN_500_13S_W_045,0.00,34.61,0.00,
SDN_500_13S_W_046,0.00,28.25,0.00,
SDN_500_13S_W_047,0.00,25.56,0.00,
SDN_500_13S_W_048,0.00,26.76,0.00,
SDN_500_13S_W_049,0.00,26.94,0.00,
SDN_500_13S_W_050,0.00,27.63,0.00,
SDN_500_13S_W_051,0.00,32.52,0.00,
SDN_500_13S_W_052,0.00,35.82,0.00,
SDN_500_12S_W_054,0.00,59.71,0.00,
SDN_500_14S_E_003,0.00,43.00,0.00,
SDN_500_14S_E_004,0.00,38.12,0.00,
SDN_500_14S_E_005,0.00,37.37,0.00,
SDN_500_14S_E_006,0.00,38.56,0.00,
SDN_500_14S_E_007,0.00,38.28,0.00,
SDN_500_14S_E_008,0.00,41.18,0.00,
SDN_515_80S_E_021,0.00,46.01,0.00,
515_SDN_117S_E_021,0.00,20.89,0.00,
515_SDN_117S_E_022,0.00,21.42,0.00,
515_SDN_117S_E_023,0.00,21.82,0.00,
515_SDN_117S_W_011,0.00,42.19,0.00,
SDN2_515_130E_E_001,0.00,22.76,0.00,
SDN2_515_130E_E_002,0.00,22.67,0.00,
SDN2_515_130E_E_003,0.00,22.30,0.00,
SDN2_515_130E_E_004,0.00,27.07,0.00,
SDN2_515_130E_E_005,0.00,27.07,0.00,
SDN2_515_130E_E_006,0.00,28.09,0.00,
SDN2_515_130E_E_007,0.00,28.65,0.00,
SDN2_515_130E_E_008,0.00,29.18,0.00,
SDN2_515_130E_E_009,0.00,14.11,0.00,
SDN2_515_130E_E_010,0.00,17.45,0.00,
SDN2_515_130E_E_011,0.00,18.53,0.00,
SDN2_515_130E_E_012,0.00,4.66,0.00,
SDN2_515_130E_E_014,0.00,2.25,0.00,
SDN2_515_130E_E_015,0.00,0.85,0.00,
SDN2_515_130E_E_016,0.00,7.99,0.00,
SDN2_515_130E_E_017,0.00,11.82,0.00,
SDN2_515_130E_E_018,0.00,15.10,0.00,
SDN2_515_130E_E_019,0.00,21.98,0.00,
SDN2_515_130E_E_020,0.00,23.52,0.00,
SDN2_515_130E_E_021,0.00,27.19,0.00,
SDN2_515_130E_E_022,0.00,33.97,0.00,
SDN2_515_130E_E_023,0.00,32.81,0.00,
SDN2_515_130E_E_024,0.00,33.50,0.00,
SDN2_515_130E_E_025,0.00,34.10,0.00,
SDN2_515_130E_E_026,0.00,35.19,0.00,
SDN2_515_130E_E_027,0.00,29.02,0.00,
SDN2_515_130E_E_028,0.00,30.50,0.00,
SDN2_515_130E_E_029,0.00,31.03,0.00,
SDN2_515_130E_E_030,0.00,28.76,0.00,
SDN2_515_130E_E_031,0.00,26.87,0.00,
SDN2_515_130E_E_032,0.00,26.29,0.00,
SDN2_515_130E_E_035,0.00,350.69,0.00,
SDN2_515_130E_E_038,0.00,31.21,0.00,
SDN2_515_130E_E_039,0.00,35.56,0.00,
SDN2_515_130E_E_040,0.00,35.76,0.00,
SDN2_515_130E_E_041,0.00,37.28,0.00,
SDN2_515_130E_E_042,0.00,30.67,0.00,
SDN2_515_130E_E_043,0.00,26.33,0.00,
SDN2_515_130E_E_044,0.00,32.33,0.00,
SDN2_515_130E_E_045,0.00,20.57,0.00,
SDN2_515_130E_E_046,0.00,15.70,0.00,
SDN2_515_130E_E_047,0.00,351.34,0.00,
SDN2_515_130E_E_048,0.00,4.73,0.00,
SDN2_515_130E_W_029,0.00,353.75,0.00,
SDN2_530_132S_W_051,0.00,17.36,0.00,
SDN2_530_132S_W_052,0.00,13.60,0.00,
SDN2_530_132S_W_053,0.00,8.28,0.00,
SDN2_530_132S_W_054,0.00,6.29,0.00,
SDN2_530_132S_W_056,0.00,4.77,0.00,
SDN2_530_132S_W_057,0.00,6.94,0.00,
SDN2_530_132S_W_058,0.00,8.30,0.00,
SDN2_530_132S_W_059,0.00,7.16,0.00,
SDN2_560_71S_W_065,0.00,2.89,0.00,
SDN2_560_71S_W_066,0.00,358.25,0.00,
SDN2_560_88E_W_073,0.00,3.67,0.00,
SDN2_SPLIT_560_90E_W_002,0.00,8.04,0.00,
SDN2_SPLIT_560_90E_W_003,0.00,13.55,0.00,
SDN2_SPLIT_560_90E_W_004,0.00,12.75,0.00,
SDN2_SPLIT_560_90E_W_005,0.00,19.67,0.00,
SDN2S_575_117E_E_008,0.00,21.82,0.00,
SDNS_515_76S_E_001,0.00,47.38,0.00,
SDNS_515_76S_E_002,0.00,49.45,0.00,
SDNS_515_76S_E_003,0.00,51.64,0.00,
SDNS_515_76S_E_004,0.00,50.35,0.00,
SDNS_515_76S_E_005,0.00,46.10,0.00,
SDNS_515_76S_E_006,0.00,37.26,0.00,
SDNS_515_76S_E_007,0.00,36.22,0.00,
SDNS_515_76S_E_008,0.00,37.75,0.00,
SDNS_515_76S_E_009,0.00,35.68,0.00,
SDNS_515_76S_E_010,0.00,29.43,0.00,
SDNS_515_76S_E_011,0.00,32.43,0.00,
SDNS_515_76S_E_012,0.00,30.46,0.00,
SDNS_515_76S_E_013,0.00,31.03,0.00,
SDNS_515_76S_E_014,0.00,32.71,0.00,
SDNS_515_76S_E_015,0.00,38.06,0.00,
SDNS_515_76S_E_016,0.00,42.75,0.00,
SDNS_515_90S_E_001,0.00,23.49,0.00,
515_SDNS_118S_E_003,0.00,91.03,0.00,
SDY_650_113S_FWS_W_008,0.00,21.12,0.00,
SDY_650_113S_SPLIT_E_004,0.00,14.41,0.00,
SDY_650_113S_SPLIT_E_005,0.00,6.95,0.00,
SDY_650_113S_SPLIT_E_006,0.00,357.95,0.00,
SDY_650_113S_SPLIT_E_007,0.00,357.61,0.00,
SDY_650_113S_SPLIT_E_009,0.00,357.85,0.00,
